sample_index,timestamp_cst,epoch_seconds,pid,nrestarts,rss_kib,pss_kib,hwm_kib,process_swap_kib,fd_count,threads,cgroup_bytes,cgroup_max_bytes,cgroup_failcnt,cgroup_oom_kill,kernel_oom_kill,host_memavailable_kib,host_swap_used_kib,process_cpu_ticks,process_read_bytes,process_write_bytes,process_wchar,process_cancelled_write_bytes,state_size_bytes,state_mtime_epoch,health_http,health_total_ms,duration_seconds,interval_seconds,process_cpu_cores,process_write_bytes_per_second,host_cpu_busy_percent,host_iowait_percent,host_disk_write_bytes_per_second,host_disk_read_bytes_per_second
0,2026-09-30T14:57:56.896593+08:00,1790751476.8965929,220769,1,504836,505300,598796,0,10,5,674930688,794378240,0,0,0,2355728,345280,48022,110592,48916086784,48931789036,0,126005903,1790751475.393854,200,6.787999999999999,0.11483192443847656,,,,,,,
1,2026-09-30T14:58:26.833794+08:00,1790751506.8337936,220769,1,490928,491152,598796,0,10,5,740139008,794378240,0,0,0,2365744,345280,49221,110592,50130255872,50146279657,0,126007440,1790751502.5176823,200,1.3470000000000002,0.053894758224487305,29.937200784683228,0.4005050467555552,40557201.61456129,28.905723905723907,0.5555555555555556,40055620.451111875,25858.93068519871
2,2026-09-30T14:58:56.733026+08:00,1790751536.7330258,220769,1,491852,492184,598796,0,8,5,623194112,794378240,0,0,0,2369340,344256,50339,110592,51272466432,51288907376,0,126009144,1790751533.6229262,200,0.708,0.0540156364440918,29.899232149124146,0.37392264604786857,38202003.12513576,27.35674676524954,1.0586456057805411,39422204.09277394,76305.37094133477
3,2026-09-30T14:59:26.725324+08:00,1790751566.7253244,220769,1,490808,491096,598796,0,8,5,622084096,794378240,0,0,0,2362264,344256,51599,110592,52532596736,52549434354,0,126010924,1790751565.7892807,200,2.521,0.06712198257446289,29.99229860305786,0.4201078472430042,42015129.306278765,29.577464788732392,0.670690811535882,42116599.621718,83716.42444717481
4,2026-09-30T14:59:56.763874+08:00,1790751596.7638738,220769,1,510164,510360,598796,0,10,5,674361344,794378240,0,0,0,2345680,344000,52702,110592,53573066752,53590229516,0,126012223,1790751592.106025,200,1.268,0.05329155921936035,30.038549423217773,0.36719482837192374,34637824.92758411,29.467871485943775,0.8701472556894244,33638729.013291955,166220.54313117827
5,2026-09-30T15:00:26.729904+08:00,1790751626.7299042,220769,1,490980,491352,598796,0,8,5,622350336,794378240,0,0,0,2358716,344000,53923,110592,54800850944,54818425336,0,126013936,1790751625.0024555,200,0.754,0.0356905460357666,29.96603035926819,0.40746137721987497,40972533.80844483,27.53355704697987,0.33557046979865773,42134246.04001617,14215.563252549648
6,2026-09-30T15:00:56.769305+08:00,1790751656.7693052,220769,1,495288,495668,598796,0,10,5,741466112,794378240,0,0,0,2361192,343744,55160,110592,56049659904,56067621639,0,126015409,1790751655.3786232,200,10.516,0.10720467567443848,30.039401054382324,0.4117924980463414,41572365.49887257,28.299046663321626,0.5519317611640743,40659882.858144246,15135.321745493728
7,2026-09-30T15:01:26.721577+08:00,1790751686.7215772,220769,1,491520,491932,598796,0,8,5,622944256,794378240,0,0,0,2363172,343488,56272,110592,57195184128,57213565453,0,126017183,1790751686.396858,200,0.795,0.0336153507232666,29.952271938323975,0.3712573130645206,38244986.10184892,23.91742195367573,0.906344410876133,39382206.54609901,41982.524817793965
8,2026-09-30T15:01:56.798895+08:00,1790751716.7988954,220769,1,492028,492380,598796,0,10,5,681168896,794378240,0,0,0,2367528,343488,57429,110592,58386956288,58405661323,0,126018723,1790751713.2506583,200,1.118,0.05679774284362793,30.07731819152832,0.38467525350244974,39623617.7843701,26.094951521230357,0.5683717820127048,38670341.30481762,10486.041275077323
9,2026-09-30T15:02:26.729146+08:00,1790751746.729146,220769,1,490948,491164,598796,0,8,5,622161920,794378240,0,0,0,2364880,343488,58467,110592,59463565312,59482600894,0,126020193,1790751744.6389318,200,1.063,0.035425424575805664,29.930250644683838,0.34680631723489025,35970598.33480631,24.790057104467586,0.3359086328518643,37061031.16771,957.9605710750262
10,2026-09-30T15:02:56.777161+08:00,1790751776.7771606,220769,1,516932,517288,598796,0,10,5,772710400,794378240,0,0,0,2336812,343488,59580,110592,60595458048,60614827464,0,126021495,1790751775.5321534,200,1.691,0.058466196060180664,30.048014640808105,0.3704071677629039,37669468.333617635,24.98326639892905,0.2677376171352075,37098853.063192606,0.0
11,2026-09-30T15:03:26.895760+08:00,1790751806.8957603,220769,1,501516,496768,598796,0,10,5,633729024,794378240,0,0,0,2346588,343488,60490,110592,61485694976,61505309226,0,126022858,1790751802.34995,200,1.9020000000000001,0.05597877502441406,30.11859965324402,0.3021388811156051,29557713.115792695,22.817559672842595,0.4339843097980304,30099927.966018677,35494.87732856312
12,2026-09-30T15:03:56.724781+08:00,1790751836.7247813,220769,1,491664,491960,598796,0,8,5,622981120,794378240,0,0,0,2362788,343488,61707,110592,62740201472,62760223036,0,126024508,1790751835.542412,200,0.864,0.03495597839355469,29.829020977020264,0.4079919354167053,42056576.277392715,28.239258635214824,0.6234203875315922,42320909.45836014,14555.48944547933
13,2026-09-30T15:04:26.777544+08:00,1790751866.777544,220769,1,489992,490336,598796,0,10,5,674205696,794378240,0,0,0,2368068,343488,62864,110592,63927234560,63947660948,0,126026049,1790751866.1876082,200,1.754,0.06146574020385742,30.052762746810913,0.38498956310523447,39498301.63704212,24.83277591973244,0.6354515050167224,38492727.265906915,3679.927896537087
14,2026-09-30T15:04:56.724993+08:00,1790751896.7249932,220769,1,492068,492344,598796,0,8,5,623378432,794378240,0,0,0,2378564,343488,63925,110592,65008709632,65029459355,0,126027519,1790751894.7835908,200,0.767,0.0350341796875,29.947449207305908,0.3542872692279785,36112426.955420494,24.1564545912372,0.8729226120530469,37225074.63934648,136.77291750780395
15,2026-09-30T15:05:26.894435+08:00,1790751926.894435,220769,1,514540,514872,598796,0,9,5,646447104,794378240,0,0,0,2353716,343488,65072,110592,66142978048,66164064297,0,126029059,1790751924.4706872,200,40.458,0.13846731185913086,30.16944169998169,0.3801860211422793,37596599.47571017,25.10390689941812,0.48212801330008315,37676430.18732726,543.0660654224152
16,2026-09-30T15:05:56.727541+08:00,1790751956.7275412,220769,1,494716,494752,598796,0,8,5,625848320,794378240,0,0,0,2362836,343488,66285,110592,67403304960,67424790553,0,126030957,1790751955.3869119,200,5.993,0.05648946762084961,29.83310627937317,0.406595273264815,42245916.33863482,26.802560646900268,0.6738544474393532,42389941.03253573,2196.7541491082366
17,2026-09-30T15:06:26.728658+08:00,1790751986.7286584,220769,1,491424,491688,598796,0,8,5,622710784,794378240,0,0,0,2370792,343488,67395,110592,68537610240,68559425441,0,126032495,1790751986.595167,200,1.0250000000000001,0.035660743713378906,30.00111722946167,0.3699862213497699,37808767.96435069,25.2428810720268,0.5025125628140703,37886179.48146977,12014.485902079447
18,2026-09-30T15:06:56.751998+08:00,1790752016.7519982,220769,1,492264,492352,598796,0,8,5,623394816,794378240,0,0,0,2383592,343488,68488,110592,69671919616,69694142935,0,126034032,1790752014.747103,200,0.816,0.03500771522521973,30.02333974838257,0.3640501054047069,37780919.294999756,23.414225941422593,0.5355648535564854,37835626.599842094,0.0
19,2026-09-30T15:07:26.750458+08:00,1790752046.7504575,220769,1,490700,491136,598796,0,8,5,622149632,794378240,0,0,0,2374840,343488,69731,110592,70932299776,70954917645,0,126035740,1790752046.2673907,200,0.858,0.04033946990966797,29.998459339141846,0.41435461266443757,42014829.68678535,27.013900519176016,0.41869033662703065,42073678.575658,546.1613816487647
20,2026-09-30T15:07:56.739375+08:00,1790752076.7393749,220769,1,492004,492540,598796,0,8,5,623587328,794378240,0,0,0,2354408,343488,70880,110592,72066641920,72089595904,0,126037278,1790752076.2305157,200,0.889,0.03580760955810547,29.988917350769043,0.38314154077674123,37825378.31332916,27.19195305951383,0.30176026823134955,37873592.39131964,54770.09992686113
