allocs_per_op,benchmark,bytes_per_op,iterations,ns_per_op,run
8,BenchmarkPerfHistory/Snapshot/1000-2,98616,6321,18144.0,gateway-bench-3
8,BenchmarkPerfHistory/Snapshot/1000-2,98616,5959,19959.0,gateway-bench-3
8,BenchmarkPerfHistory/Snapshot/1000-2,98616,5962,23987.0,gateway-bench-3
8,BenchmarkPerfHistory/Snapshot/10000-2,966968,242,439098.0,gateway-bench-3
8,BenchmarkPerfHistory/Snapshot/10000-2,966968,289,401822.0,gateway-bench-3
8,BenchmarkPerfHistory/Snapshot/10000-2,966968,289,457190.0,gateway-bench-3
8,BenchmarkPerfHistory/Snapshot/20000-2,1925432,160,739648.0,gateway-bench-3
8,BenchmarkPerfHistory/Snapshot/20000-2,1925432,127,842867.0,gateway-bench-3
8,BenchmarkPerfHistory/Snapshot/20000-2,1925432,148,800077.0,gateway-bench-3
4,BenchmarkPerfHistory/AuditEvents/1000-2,98472,3754,29793.0,gateway-bench-3
4,BenchmarkPerfHistory/AuditEvents/1000-2,98472,3422,29669.0,gateway-bench-3
4,BenchmarkPerfHistory/AuditEvents/1000-2,98472,3195,35337.0,gateway-bench-3
4,BenchmarkPerfHistory/AuditEvents/10000-2,966824,228,477921.0,gateway-bench-3
4,BenchmarkPerfHistory/AuditEvents/10000-2,966824,243,432039.0,gateway-bench-3
4,BenchmarkPerfHistory/AuditEvents/10000-2,966824,222,465713.0,gateway-bench-3
4,BenchmarkPerfHistory/AuditEvents/20000-2,1925288,140,881228.0,gateway-bench-3
4,BenchmarkPerfHistory/AuditEvents/20000-2,1925288,121,916222.0,gateway-bench-3
4,BenchmarkPerfHistory/AuditEvents/20000-2,1925288,128,884508.0,gateway-bench-3
2038,BenchmarkPerfHistory/SaveSnapshot/1000-2,249270,121,1168817.0,gateway-bench-3
2038,BenchmarkPerfHistory/SaveSnapshot/1000-2,249283,88,1196145.0,gateway-bench-3
2038,BenchmarkPerfHistory/SaveSnapshot/1000-2,249260,81,1269193.0,gateway-bench-3
20041,BenchmarkPerfHistory/SaveSnapshot/10000-2,2413936,13,8617145.0,gateway-bench-3
20043,BenchmarkPerfHistory/SaveSnapshot/10000-2,2414298,13,8870184.0,gateway-bench-3
20040,BenchmarkPerfHistory/SaveSnapshot/10000-2,2413907,13,8424207.0,gateway-bench-3
40045,BenchmarkPerfHistory/SaveSnapshot/20000-2,4813218,6,16730545.0,gateway-bench-3
40044,BenchmarkPerfHistory/SaveSnapshot/20000-2,4812962,6,17936666.0,gateway-bench-3
40042,BenchmarkPerfHistory/SaveSnapshot/20000-2,4812564,6,18077520.0,gateway-bench-3
4083,BenchmarkPerfHistory/LoadSnapshot/1000-2,599040,54,2200952.0,gateway-bench-3
4083,BenchmarkPerfHistory/LoadSnapshot/1000-2,599040,51,2733504.0,gateway-bench-3
4083,BenchmarkPerfHistory/LoadSnapshot/1000-2,599040,45,2426374.0,gateway-bench-3
40091,BenchmarkPerfHistory/LoadSnapshot/10000-2,7829952,4,28463578.0,gateway-bench-3
40091,BenchmarkPerfHistory/LoadSnapshot/10000-2,7829952,5,24401207.0,gateway-bench-3
40091,BenchmarkPerfHistory/LoadSnapshot/10000-2,7829952,4,27267065.0,gateway-bench-3
80094,BenchmarkPerfHistory/LoadSnapshot/20000-2,16541504,3,49221729.0,gateway-bench-3
80094,BenchmarkPerfHistory/LoadSnapshot/20000-2,16541504,3,47394932.0,gateway-bench-3
80094,BenchmarkPerfHistory/LoadSnapshot/20000-2,16541504,3,46242389.0,gateway-bench-3
16098,BenchmarkPerfEventOnlySave/1000-2,1914773,24,4729291.0,event-only-bench-3
16098,BenchmarkPerfEventOnlySave/1000-2,1914735,24,4581321.0,event-only-bench-3
16097,BenchmarkPerfEventOnlySave/1000-2,1859092,22,5050845.0,event-only-bench-3
160133,BenchmarkPerfEventOnlySave/10000-2,48142116,2,63435182.0,event-only-bench-3
160136,BenchmarkPerfEventOnlySave/10000-2,48142284,2,60232252.0,event-only-bench-3
160117,BenchmarkPerfEventOnlySave/10000-2,31364516,2,54056232.0,event-only-bench-3
40044,BenchmarkPerfHistory/SaveSnapshot/20000-2,4812865,34,17604208.0,profile-SaveSnapshot
80094,BenchmarkPerfHistory/LoadSnapshot/20000-2,16541504,12,47663011.0,profile-LoadSnapshot
160104,BenchmarkPerfEventOnlySave/10000-2,24652769,10,53936060.0,profile-event-only
