client,clients,history,latency_ms,repetition,run,status
0,20,1000,22.216491,0,http-matrix-3,200
0,20,1000,25.456364,1,http-matrix-3,200
1,20,1000,20.873482,0,http-matrix-3,200
1,20,1000,25.587659,1,http-matrix-3,200
2,20,1000,3.051271,0,http-matrix-3,200
2,20,1000,1.357436,1,http-matrix-3,200
3,20,1000,19.609519,0,http-matrix-3,200
3,20,1000,25.627153,1,http-matrix-3,200
4,20,1000,18.333876,0,http-matrix-3,200
4,20,1000,25.666978,1,http-matrix-3,200
5,20,1000,15.391128,0,http-matrix-3,200
5,20,1000,25.403626,1,http-matrix-3,200
6,20,1000,14.074728,0,http-matrix-3,200
6,20,1000,25.919329,1,http-matrix-3,200
7,20,1000,12.780039,0,http-matrix-3,200
7,20,1000,25.965966,1,http-matrix-3,200
8,20,1000,11.505718,0,http-matrix-3,200
8,20,1000,26.038161,1,http-matrix-3,200
9,20,1000,10.279888,0,http-matrix-3,200
9,20,1000,25.902288,1,http-matrix-3,200
10,20,1000,9.006569,0,http-matrix-3,200
10,20,1000,25.912746,1,http-matrix-3,200
11,20,1000,17.072529,0,http-matrix-3,200
11,20,1000,25.701792,1,http-matrix-3,200
12,20,1000,5.622946,0,http-matrix-3,200
12,20,1000,25.518069,1,http-matrix-3,200
13,20,1000,29.704522,0,http-matrix-3,200
13,20,1000,24.850102,1,http-matrix-3,200
14,20,1000,28.421074,0,http-matrix-3,200
14,20,1000,24.848298,1,http-matrix-3,200
15,20,1000,7.745352,0,http-matrix-3,200
15,20,1000,25.963552,1,http-matrix-3,200
16,20,1000,25.916144,0,http-matrix-3,200
16,20,1000,24.585808,1,http-matrix-3,200
17,20,1000,27.190214,0,http-matrix-3,200
17,20,1000,24.934981,1,http-matrix-3,200
18,20,1000,1.582016,0,http-matrix-3,200
18,20,1000,29.480073,1,http-matrix-3,200
19,20,1000,23.910446,0,http-matrix-3,200
19,20,1000,25.100269,1,http-matrix-3,200
0,40,1000,24.915063,0,http-matrix-3,200
0,40,1000,67.04995,1,http-matrix-3,200
1,40,1000,23.301468,0,http-matrix-3,200
1,40,1000,67.460988,1,http-matrix-3,200
2,40,1000,21.77755,0,http-matrix-3,200
2,40,1000,67.489161,1,http-matrix-3,200
3,40,1000,19.637362,0,http-matrix-3,200
3,40,1000,67.191745,1,http-matrix-3,200
4,40,1000,18.083128,0,http-matrix-3,200
4,40,1000,67.757152,1,http-matrix-3,200
5,40,1000,2.332939,0,http-matrix-3,200
5,40,1000,1.801836,1,http-matrix-3,200
6,40,1000,14.552631,0,http-matrix-3,200
6,40,1000,67.647297,1,http-matrix-3,200
7,40,1000,12.92486,0,http-matrix-3,200
7,40,1000,67.846439,1,http-matrix-3,200
8,40,1000,11.284004,0,http-matrix-3,200
8,40,1000,68.090644,1,http-matrix-3,200
9,40,1000,9.174282,0,http-matrix-3,200
9,40,1000,68.539212,1,http-matrix-3,200
10,40,1000,7.623725,0,http-matrix-3,200
10,40,1000,68.205179,1,http-matrix-3,200
11,40,1000,16.514778,0,http-matrix-3,200
11,40,1000,67.783611,1,http-matrix-3,200
12,40,1000,69.085564,0,http-matrix-3,200
12,40,1000,66.85715,1,http-matrix-3,200
13,40,1000,67.549594,0,http-matrix-3,200
13,40,1000,66.883399,1,http-matrix-3,200
14,40,1000,65.719875,0,http-matrix-3,200
14,40,1000,66.41792,1,http-matrix-3,200
15,40,1000,70.619049,0,http-matrix-3,200
15,40,1000,66.898017,1,http-matrix-3,200
16,40,1000,62.437883,0,http-matrix-3,200
16,40,1000,66.535779,1,http-matrix-3,200
17,40,1000,39.04763,0,http-matrix-3,200
17,40,1000,66.673608,1,http-matrix-3,200
18,40,1000,64.170911,0,http-matrix-3,200
18,40,1000,66.394716,1,http-matrix-3,200
19,40,1000,60.522655,0,http-matrix-3,200
19,40,1000,65.986053,1,http-matrix-3,200
20,40,1000,57.70523,0,http-matrix-3,200
20,40,1000,66.615929,1,http-matrix-3,200
21,40,1000,72.910761,0,http-matrix-3,200
21,40,1000,66.614176,1,http-matrix-3,200
22,40,1000,54.175405,0,http-matrix-3,200
22,40,1000,66.274371,1,http-matrix-3,200
23,40,1000,52.666435,0,http-matrix-3,200
23,40,1000,66.565255,1,http-matrix-3,200
24,40,1000,56.172957,0,http-matrix-3,200
24,40,1000,66.576085,1,http-matrix-3,200
25,40,1000,47.525019,0,http-matrix-3,200
25,40,1000,66.373297,1,http-matrix-3,200
26,40,1000,45.949705,0,http-matrix-3,200
26,40,1000,66.385679,1,http-matrix-3,200
27,40,1000,42.310877,0,http-matrix-3,200
27,40,1000,66.453295,1,http-matrix-3,200
28,40,1000,51.094768,0,http-matrix-3,200
28,40,1000,66.572849,1,http-matrix-3,200
29,40,1000,49.108778,0,http-matrix-3,200
29,40,1000,65.842684,1,http-matrix-3,200
30,40,1000,26.85645,0,http-matrix-3,200
30,40,1000,66.952088,1,http-matrix-3,200
31,40,1000,6.007034,0,http-matrix-3,200
31,40,1000,68.3825,1,http-matrix-3,200
32,40,1000,28.369146,0,http-matrix-3,200
32,40,1000,67.360752,1,http-matrix-3,200
33,40,1000,29.834284,0,http-matrix-3,200
33,40,1000,67.452663,1,http-matrix-3,200
34,40,1000,31.418183,0,http-matrix-3,200
34,40,1000,66.765048,1,http-matrix-3,200
35,40,1000,33.638933,0,http-matrix-3,200
35,40,1000,66.582457,1,http-matrix-3,200
36,40,1000,35.115993,0,http-matrix-3,200
36,40,1000,67.068165,1,http-matrix-3,200
37,40,1000,36.621877,0,http-matrix-3,200
37,40,1000,67.048898,1,http-matrix-3,200
38,40,1000,40.784775,0,http-matrix-3,200
38,40,1000,66.424402,1,http-matrix-3,200
39,40,1000,43.932076,0,http-matrix-3,200
39,40,1000,66.14038,1,http-matrix-3,200
0,20,10000,190.867299,0,http-matrix-3,200
0,20,10000,178.019663,1,http-matrix-3,200
1,20,10000,39.323885,0,http-matrix-3,200
1,20,10000,181.077867,1,http-matrix-3,200
2,20,10000,180.281239,0,http-matrix-3,200
2,20,10000,175.489155,1,http-matrix-3,200
3,20,10000,171.880663,0,http-matrix-3,200
3,20,10000,177.678255,1,http-matrix-3,200
4,20,10000,80.736093,0,http-matrix-3,200
4,20,10000,181.148149,1,http-matrix-3,200
5,20,10000,162.587058,0,http-matrix-3,200
5,20,10000,177.908395,1,http-matrix-3,200
6,20,10000,61.603103,0,http-matrix-3,200
6,20,10000,179.486243,1,http-matrix-3,200
7,20,10000,51.51266,0,http-matrix-3,200
7,20,10000,180.992438,1,http-matrix-3,200
8,20,10000,70.028586,0,http-matrix-3,200
8,20,10000,179.914203,1,http-matrix-3,200
9,20,10000,10.064946,0,http-matrix-3,200
9,20,10000,10.634831,1,http-matrix-3,200
10,20,10000,154.815377,0,http-matrix-3,200
10,20,10000,178.348288,1,http-matrix-3,200
11,20,10000,30.88085,0,http-matrix-3,200
11,20,10000,181.2934,1,http-matrix-3,200
12,20,10000,135.932706,0,http-matrix-3,200
12,20,10000,177.378936,1,http-matrix-3,200
13,20,10000,145.589328,0,http-matrix-3,200
13,20,10000,178.526801,1,http-matrix-3,200
14,20,10000,127.36134,0,http-matrix-3,200
14,20,10000,178.511523,1,http-matrix-3,200
15,20,10000,201.36863,0,http-matrix-3,200
15,20,10000,176.645345,1,http-matrix-3,200
16,20,10000,117.971245,0,http-matrix-3,200
16,20,10000,178.794531,1,http-matrix-3,200
17,20,10000,108.714279,0,http-matrix-3,200
17,20,10000,179.409871,1,http-matrix-3,200
18,20,10000,98.638392,0,http-matrix-3,200
18,20,10000,178.502646,1,http-matrix-3,200
19,20,10000,90.108144,0,http-matrix-3,200
19,20,10000,179.658205,1,http-matrix-3,200
0,40,10000,196.869063,0,http-matrix-3,200
0,40,10000,382.411302,1,http-matrix-3,200
1,40,10000,186.170774,0,http-matrix-3,200
1,40,10000,384.102301,1,http-matrix-3,200
2,40,10000,173.952944,0,http-matrix-3,200
2,40,10000,381.790241,1,http-matrix-3,200
3,40,10000,276.585129,0,http-matrix-3,200
3,40,10000,389.648254,1,http-matrix-3,200
4,40,10000,155.257462,0,http-matrix-3,200
4,40,10000,384.20825,1,http-matrix-3,200
5,40,10000,146.353126,0,http-matrix-3,200
5,40,10000,382.941362,1,http-matrix-3,200
6,40,10000,135.914862,0,http-matrix-3,200
6,40,10000,384.837194,1,http-matrix-3,200
7,40,10000,164.988014,0,http-matrix-3,200
7,40,10000,385.657106,1,http-matrix-3,200
8,40,10000,115.65656,0,http-matrix-3,200
8,40,10000,384.153507,1,http-matrix-3,200
9,40,10000,105.947669,0,http-matrix-3,200
9,40,10000,383.110528,1,http-matrix-3,200
10,40,10000,124.810384,0,http-matrix-3,200
10,40,10000,383.248696,1,http-matrix-3,200
11,40,10000,85.625589,0,http-matrix-3,200
11,40,10000,386.336676,1,http-matrix-3,200
12,40,10000,96.438261,0,http-matrix-3,200
12,40,10000,384.418081,1,http-matrix-3,200
13,40,10000,65.151333,0,http-matrix-3,200
13,40,10000,386.806765,1,http-matrix-3,200
14,40,10000,74.169342,0,http-matrix-3,200
14,40,10000,386.326778,1,http-matrix-3,200
15,40,10000,43.947554,0,http-matrix-3,200
15,40,10000,389.660076,1,http-matrix-3,200
16,40,10000,54.500763,0,http-matrix-3,200
16,40,10000,388.589104,1,http-matrix-3,200
17,40,10000,413.81602,0,http-matrix-3,200
17,40,10000,396.590234,1,http-matrix-3,200
18,40,10000,404.62112,0,http-matrix-3,200
18,40,10000,395.045048,1,http-matrix-3,200
19,40,10000,396.035518,0,http-matrix-3,200
19,40,10000,390.999439,1,http-matrix-3,200
20,40,10000,384.971595,0,http-matrix-3,200
20,40,10000,393.220769,1,http-matrix-3,200
21,40,10000,374.765916,0,http-matrix-3,200
21,40,10000,392.716236,1,http-matrix-3,200
22,40,10000,11.969255,0,http-matrix-3,200
22,40,10000,11.463068,1,http-matrix-3,200
23,40,10000,215.011661,0,http-matrix-3,200
23,40,10000,386.374967,1,http-matrix-3,200
24,40,10000,224.321487,0,http-matrix-3,200
24,40,10000,384.175367,1,http-matrix-3,200
25,40,10000,235.400618,0,http-matrix-3,200
25,40,10000,386.553251,1,http-matrix-3,200
26,40,10000,205.567746,0,http-matrix-3,200
26,40,10000,385.424541,1,http-matrix-3,200
27,40,10000,254.445001,0,http-matrix-3,200
27,40,10000,387.533162,1,http-matrix-3,200
28,40,10000,244.260392,0,http-matrix-3,200
28,40,10000,384.937171,1,http-matrix-3,200
29,40,10000,263.868499,0,http-matrix-3,200
29,40,10000,388.148482,1,http-matrix-3,200
30,40,10000,365.943893,0,http-matrix-3,200
30,40,10000,393.310356,1,http-matrix-3,200
31,40,10000,32.270065,0,http-matrix-3,200
31,40,10000,388.568225,1,http-matrix-3,200
32,40,10000,286.126207,0,http-matrix-3,200
32,40,10000,388.579467,1,http-matrix-3,200
33,40,10000,295.072272,0,http-matrix-3,200
33,40,10000,385.869002,1,http-matrix-3,200
34,40,10000,307.382413,0,http-matrix-3,200
34,40,10000,386.584189,1,http-matrix-3,200
35,40,10000,318.010992,0,http-matrix-3,200
35,40,10000,386.963527,1,http-matrix-3,200
36,40,10000,326.951136,0,http-matrix-3,200
36,40,10000,389.10529,1,http-matrix-3,200
37,40,10000,336.726942,0,http-matrix-3,200
37,40,10000,390.872952,1,http-matrix-3,200
38,40,10000,345.756643,0,http-matrix-3,200
38,40,10000,388.914893,1,http-matrix-3,200
39,40,10000,356.447279,0,http-matrix-3,200
39,40,10000,390.70077,1,http-matrix-3,200
0,20,20000,379.62225,0,http-matrix-3,200
0,20,20000,348.865943,1,http-matrix-3,200
1,20,20000,358.884442,0,http-matrix-3,200
1,20,20000,345.848876,1,http-matrix-3,200
2,20,20000,322.739487,0,http-matrix-3,200
2,20,20000,350.289213,1,http-matrix-3,200
3,20,20000,18.36312,0,http-matrix-3,200
3,20,20000,17.232228,1,http-matrix-3,200
4,20,20000,247.833367,0,http-matrix-3,200
4,20,20000,352.247512,1,http-matrix-3,200
5,20,20000,303.112215,0,http-matrix-3,200
5,20,20000,348.921137,1,http-matrix-3,200
6,20,20000,286.082335,0,http-matrix-3,200
6,20,20000,349.818293,1,http-matrix-3,200
7,20,20000,266.354173,0,http-matrix-3,200
7,20,20000,353.28449,1,http-matrix-3,200
8,20,20000,342.225967,0,http-matrix-3,200
8,20,20000,348.185683,1,http-matrix-3,200
9,20,20000,231.07229,0,http-matrix-3,200
9,20,20000,352.656827,1,http-matrix-3,200
10,20,20000,53.800224,0,http-matrix-3,200
10,20,20000,345.177962,1,http-matrix-3,200
11,20,20000,70.944247,0,http-matrix-3,200
11,20,20000,344.87148,1,http-matrix-3,200
12,20,20000,87.771809,0,http-matrix-3,200
12,20,20000,347.197535,1,http-matrix-3,200
13,20,20000,106.165446,0,http-matrix-3,200
13,20,20000,349.80087,1,http-matrix-3,200
14,20,20000,123.4384,0,http-matrix-3,200
14,20,20000,348.84852,1,http-matrix-3,200
15,20,20000,140.455176,0,http-matrix-3,200
15,20,20000,348.302701,1,http-matrix-3,200
16,20,20000,161.090312,0,http-matrix-3,200
16,20,20000,351.362999,1,http-matrix-3,200
17,20,20000,178.709862,0,http-matrix-3,200
17,20,20000,350.553967,1,http-matrix-3,200
18,20,20000,195.162063,0,http-matrix-3,200
18,20,20000,353.365291,1,http-matrix-3,200
19,20,20000,213.749533,0,http-matrix-3,200
19,20,20000,353.35983,1,http-matrix-3,200
0,40,20000,754.424825,0,http-matrix-3,200
0,40,20000,879.220151,1,http-matrix-3,200
1,40,20000,714.390172,0,http-matrix-3,200
1,40,20000,866.033943,1,http-matrix-3,200
2,40,20000,735.613567,0,http-matrix-3,200
2,40,20000,877.799326,1,http-matrix-3,200
3,40,20000,639.250096,0,http-matrix-3,200
3,40,20000,836.078411,1,http-matrix-3,200
4,40,20000,697.002614,0,http-matrix-3,200
4,40,20000,857.617807,1,http-matrix-3,200
5,40,20000,17.848329,0,http-matrix-3,200
5,40,20000,17.747651,1,http-matrix-3,200
6,40,20000,656.131488,0,http-matrix-3,200
6,40,20000,844.765494,1,http-matrix-3,200
7,40,20000,491.69273,0,http-matrix-3,200
7,40,20000,772.918449,1,http-matrix-3,200
8,40,20000,618.817979,0,http-matrix-3,200
8,40,20000,835.582917,1,http-matrix-3,200
9,40,20000,599.995941,0,http-matrix-3,200
9,40,20000,822.33302,1,http-matrix-3,200
10,40,20000,582.975989,0,http-matrix-3,200
10,40,20000,812.489887,1,http-matrix-3,200
11,40,20000,564.645399,0,http-matrix-3,200
11,40,20000,809.690607,1,http-matrix-3,200
12,40,20000,546.146244,0,http-matrix-3,200
12,40,20000,798.491772,1,http-matrix-3,200
13,40,20000,676.963662,0,http-matrix-3,200
13,40,20000,857.498695,1,http-matrix-3,200
14,40,20000,509.784825,0,http-matrix-3,200
14,40,20000,784.716955,1,http-matrix-3,200
15,40,20000,75.011647,0,http-matrix-3,200
15,40,20000,715.934167,1,http-matrix-3,200
16,40,20000,57.217079,0,http-matrix-3,200
16,40,20000,715.028304,1,http-matrix-3,200
17,40,20000,92.255536,0,http-matrix-3,200
17,40,20000,713.552216,1,http-matrix-3,200
18,40,20000,111.084326,0,http-matrix-3,200
18,40,20000,715.019147,1,http-matrix-3,200
19,40,20000,128.724717,0,http-matrix-3,200
19,40,20000,716.333212,1,http-matrix-3,200
20,40,20000,145.740792,0,http-matrix-3,200
20,40,20000,714.924971,1,http-matrix-3,200
21,40,20000,164.202987,0,http-matrix-3,200
21,40,20000,716.072956,1,http-matrix-3,200
22,40,20000,181.90899,0,http-matrix-3,200
22,40,20000,716.550218,1,http-matrix-3,200
23,40,20000,199.960388,0,http-matrix-3,200
23,40,20000,713.146849,1,http-matrix-3,200
24,40,20000,526.939387,0,http-matrix-3,200
24,40,20000,785.808645,1,http-matrix-3,200
25,40,20000,239.363091,0,http-matrix-3,200
25,40,20000,711.495894,1,http-matrix-3,200
26,40,20000,257.517983,0,http-matrix-3,200
26,40,20000,708.893903,1,http-matrix-3,200
27,40,20000,276.508025,0,http-matrix-3,200
27,40,20000,711.691549,1,http-matrix-3,200
28,40,20000,294.930227,0,http-matrix-3,200
28,40,20000,710.079487,1,http-matrix-3,200
29,40,20000,312.044443,0,http-matrix-3,200
29,40,20000,710.265234,1,http-matrix-3,200
30,40,20000,330.194887,0,http-matrix-3,200
30,40,20000,712.321396,1,http-matrix-3,200
31,40,20000,348.001659,0,http-matrix-3,200
31,40,20000,711.318693,1,http-matrix-3,200
32,40,20000,365.13437,0,http-matrix-3,200
32,40,20000,712.774073,1,http-matrix-3,200
33,40,20000,384.026168,0,http-matrix-3,200
33,40,20000,720.546084,1,http-matrix-3,200
34,40,20000,401.662471,0,http-matrix-3,200
34,40,20000,723.08069,1,http-matrix-3,200
35,40,20000,418.860455,0,http-matrix-3,200
35,40,20000,732.246196,1,http-matrix-3,200
36,40,20000,437.833066,0,http-matrix-3,200
36,40,20000,746.87514,1,http-matrix-3,200
37,40,20000,455.291135,0,http-matrix-3,200
37,40,20000,758.986659,1,http-matrix-3,200
38,40,20000,472.810479,0,http-matrix-3,200
38,40,20000,759.013017,1,http-matrix-3,200
39,40,20000,219.004392,0,http-matrix-3,200
39,40,20000,715.415728,1,http-matrix-3,200
0,20,1000,24.141176,0,http-matrix-3,200
0,20,1000,25.56121,1,http-matrix-3,200
1,20,1000,1.323522,0,http-matrix-3,200
1,20,1000,1.39173,1,http-matrix-3,200
2,20,1000,22.909235,0,http-matrix-3,200
2,20,1000,25.576799,1,http-matrix-3,200
3,20,1000,11.033315,0,http-matrix-3,200
3,20,1000,29.531488,1,http-matrix-3,200
4,20,1000,20.111958,0,http-matrix-3,200
4,20,1000,25.936982,1,http-matrix-3,200
5,20,1000,21.398733,0,http-matrix-3,200
5,20,1000,25.874375,1,http-matrix-3,200
6,20,1000,16.93926,0,http-matrix-3,200
6,20,1000,26.605782,1,http-matrix-3,200
7,20,1000,12.543928,0,http-matrix-3,200
7,20,1000,29.366049,1,http-matrix-3,200
8,20,1000,18.837407,0,http-matrix-3,200
8,20,1000,25.935489,1,http-matrix-3,200
9,20,1000,9.815179,0,http-matrix-3,200
9,20,1000,29.502264,1,http-matrix-3,200
10,20,1000,8.576835,0,http-matrix-3,200
10,20,1000,29.421433,1,http-matrix-3,200
11,20,1000,28.679397,0,http-matrix-3,200
11,20,1000,25.371856,1,http-matrix-3,200
12,20,1000,26.103603,0,http-matrix-3,200
12,20,1000,25.464289,1,http-matrix-3,200
13,20,1000,4.6084,0,http-matrix-3,200
13,20,1000,29.624272,1,http-matrix-3,200
14,20,1000,27.352417,0,http-matrix-3,200
14,20,1000,25.449401,1,http-matrix-3,200
15,20,1000,7.346367,0,http-matrix-3,200
15,20,1000,29.397408,1,http-matrix-3,200
16,20,1000,29.949119,0,http-matrix-3,200
16,20,1000,25.315171,1,http-matrix-3,200
17,20,1000,31.218741,0,http-matrix-3,200
17,20,1000,25.279163,1,http-matrix-3,200
18,20,1000,32.64697,0,http-matrix-3,200
18,20,1000,25.078227,1,http-matrix-3,200
19,20,1000,6.103054,0,http-matrix-3,200
19,20,1000,29.380035,1,http-matrix-3,200
0,40,1000,42.74629,0,http-matrix-3,200
0,40,1000,88.686067,1,http-matrix-3,200
1,40,1000,41.238793,0,http-matrix-3,200
1,40,1000,88.497274,1,http-matrix-3,200
2,40,1000,39.502129,0,http-matrix-3,200
2,40,1000,85.675221,1,http-matrix-3,200
3,40,1000,37.658634,0,http-matrix-3,200
3,40,1000,86.062143,1,http-matrix-3,200
4,40,1000,54.282245,0,http-matrix-3,200
4,40,1000,91.27255,1,http-matrix-3,200
5,40,1000,34.534948,0,http-matrix-3,200
5,40,1000,85.236442,1,http-matrix-3,200
6,40,1000,32.474628,0,http-matrix-3,200
6,40,1000,82.354866,1,http-matrix-3,200
7,40,1000,30.867264,0,http-matrix-3,200
7,40,1000,82.91829,1,http-matrix-3,200
8,40,1000,29.340462,0,http-matrix-3,200
8,40,1000,82.038005,1,http-matrix-3,200
9,40,1000,27.093203,0,http-matrix-3,200
9,40,1000,82.662191,1,http-matrix-3,200
10,40,1000,36.075256,0,http-matrix-3,200
10,40,1000,86.027168,1,http-matrix-3,200
11,40,1000,23.95564,0,http-matrix-3,200
11,40,1000,79.303926,1,http-matrix-3,200
12,40,1000,22.463503,0,http-matrix-3,200
12,40,1000,79.296673,1,http-matrix-3,200
13,40,1000,20.4496,0,http-matrix-3,200
13,40,1000,79.696429,1,http-matrix-3,200
14,40,1000,18.89282,0,http-matrix-3,200
14,40,1000,76.583143,1,http-matrix-3,200
15,40,1000,25.51299,0,http-matrix-3,200
15,40,1000,80.106166,1,http-matrix-3,200
16,40,1000,15.701478,0,http-matrix-3,200
16,40,1000,75.73106,1,http-matrix-3,200
17,40,1000,13.826675,0,http-matrix-3,200
17,40,1000,76.133383,1,http-matrix-3,200
18,40,1000,12.271379,0,http-matrix-3,200
18,40,1000,73.8195,1,http-matrix-3,200
19,40,1000,10.715011,0,http-matrix-3,200
19,40,1000,73.795244,1,http-matrix-3,200
20,40,1000,17.385014,0,http-matrix-3,200
20,40,1000,75.744716,1,http-matrix-3,200
21,40,1000,7.134731,0,http-matrix-3,200
21,40,1000,73.352707,1,http-matrix-3,200
22,40,1000,72.755671,0,http-matrix-3,200
22,40,1000,97.349253,1,http-matrix-3,200
23,40,1000,71.173185,0,http-matrix-3,200
23,40,1000,93.850166,1,http-matrix-3,200
24,40,1000,8.711207,0,http-matrix-3,200
24,40,1000,73.750951,1,http-matrix-3,200
25,40,1000,67.095095,0,http-matrix-3,200
25,40,1000,94.035432,1,http-matrix-3,200
26,40,1000,65.515934,0,http-matrix-3,200
26,40,1000,93.168342,1,http-matrix-3,200
27,40,1000,68.771236,0,http-matrix-3,200
27,40,1000,93.034662,1,http-matrix-3,200
28,40,1000,61.485474,0,http-matrix-3,200
28,40,1000,94.094692,1,http-matrix-3,200
29,40,1000,63.938247,0,http-matrix-3,200
29,40,1000,93.19438,1,http-matrix-3,200
30,40,1000,58.31516,0,http-matrix-3,200
30,40,1000,93.285782,1,http-matrix-3,200
31,40,1000,59.878902,0,http-matrix-3,200
31,40,1000,94.091356,1,http-matrix-3,200
32,40,1000,5.542065,0,http-matrix-3,200
32,40,1000,68.832221,1,http-matrix-3,200
33,40,1000,55.924462,0,http-matrix-3,200
33,40,1000,93.275552,1,http-matrix-3,200
34,40,1000,1.609056,0,http-matrix-3,200
34,40,1000,1.700117,1,http-matrix-3,200
35,40,1000,49.743364,0,http-matrix-3,200
35,40,1000,91.367136,1,http-matrix-3,200
36,40,1000,51.964935,0,http-matrix-3,200
36,40,1000,91.415146,1,http-matrix-3,200
37,40,1000,44.28772,0,http-matrix-3,200
37,40,1000,89.44209,1,http-matrix-3,200
38,40,1000,48.166337,0,http-matrix-3,200
38,40,1000,91.391992,1,http-matrix-3,200
39,40,1000,45.858475,0,http-matrix-3,200
39,40,1000,88.784611,1,http-matrix-3,200
0,20,10000,241.563793,0,http-matrix-3,200
0,20,10000,250.045882,1,http-matrix-3,200
1,20,10000,222.26789,0,http-matrix-3,200
1,20,10000,257.319072,1,http-matrix-3,200
2,20,10000,212.273676,0,http-matrix-3,200
2,20,10000,250.383863,1,http-matrix-3,200
3,20,10000,202.079609,0,http-matrix-3,200
3,20,10000,250.39253,1,http-matrix-3,200
4,20,10000,11.596617,0,http-matrix-3,200
4,20,10000,10.3402,1,http-matrix-3,200
5,20,10000,51.322614,0,http-matrix-3,200
5,20,10000,232.104959,1,http-matrix-3,200
6,20,10000,40.800364,0,http-matrix-3,200
6,20,10000,221.787301,1,http-matrix-3,200
7,20,10000,32.235471,0,http-matrix-3,200
7,20,10000,223.404453,1,http-matrix-3,200
8,20,10000,101.019862,0,http-matrix-3,200
8,20,10000,243.166428,1,http-matrix-3,200
9,20,10000,111.768956,0,http-matrix-3,200
9,20,10000,252.960417,1,http-matrix-3,200
10,20,10000,134.958885,0,http-matrix-3,200
10,20,10000,247.85601,1,http-matrix-3,200
11,20,10000,145.175305,0,http-matrix-3,200
11,20,10000,259.332563,1,http-matrix-3,200
12,20,10000,164.486707,0,http-matrix-3,200
12,20,10000,250.038999,1,http-matrix-3,200
13,20,10000,69.688571,0,http-matrix-3,200
13,20,10000,230.700896,1,http-matrix-3,200
14,20,10000,80.169434,0,http-matrix-3,200
14,20,10000,242.75032,1,http-matrix-3,200
15,20,10000,90.355396,0,http-matrix-3,200
15,20,10000,242.593928,1,http-matrix-3,200
16,20,10000,122.761215,0,http-matrix-3,200
16,20,10000,249.754638,1,http-matrix-3,200
17,20,10000,173.184439,0,http-matrix-3,200
17,20,10000,246.48055,1,http-matrix-3,200
18,20,10000,61.262787,0,http-matrix-3,200
18,20,10000,232.193806,1,http-matrix-3,200
19,20,10000,184.087932,0,http-matrix-3,200
19,20,10000,257.931937,1,http-matrix-3,200
0,40,10000,92.462743,0,http-matrix-3,200
0,40,10000,530.638038,1,http-matrix-3,200
1,40,10000,50.944979,0,http-matrix-3,200
1,40,10000,510.90114,1,http-matrix-3,200
2,40,10000,72.305871,0,http-matrix-3,200
2,40,10000,521.995489,1,http-matrix-3,200
3,40,10000,62.073633,0,http-matrix-3,200
3,40,10000,513.256611,1,http-matrix-3,200
4,40,10000,493.816408,0,http-matrix-3,200
4,40,10000,544.054707,1,http-matrix-3,200
5,40,10000,41.958048,0,http-matrix-3,200
5,40,10000,512.095953,1,http-matrix-3,200
6,40,10000,524.518123,0,http-matrix-3,200
6,40,10000,543.803367,1,http-matrix-3,200
7,40,10000,509.246057,0,http-matrix-3,200
7,40,10000,544.828893,1,http-matrix-3,200
8,40,10000,378.862992,0,http-matrix-3,200
8,40,10000,532.950889,1,http-matrix-3,200
9,40,10000,11.656119,0,http-matrix-3,200
9,40,10000,11.215586,1,http-matrix-3,200
10,40,10000,470.938482,0,http-matrix-3,200
10,40,10000,542.815761,1,http-matrix-3,200
11,40,10000,449.927423,0,http-matrix-3,200
11,40,10000,544.487395,1,http-matrix-3,200
12,40,10000,439.384313,0,http-matrix-3,200
12,40,10000,544.545222,1,http-matrix-3,200
13,40,10000,420.927627,0,http-matrix-3,200
13,40,10000,543.806413,1,http-matrix-3,200
14,40,10000,410.892818,0,http-matrix-3,200
14,40,10000,543.618211,1,http-matrix-3,200
15,40,10000,401.541295,0,http-matrix-3,200
15,40,10000,542.505231,1,http-matrix-3,200
16,40,10000,391.555356,0,http-matrix-3,200
16,40,10000,533.10631,1,http-matrix-3,200
17,40,10000,135.515345,0,http-matrix-3,200
17,40,10000,542.473963,1,http-matrix-3,200
18,40,10000,369.799397,0,http-matrix-3,200
18,40,10000,527.393365,1,http-matrix-3,200
19,40,10000,482.117949,0,http-matrix-3,200
19,40,10000,540.606263,1,http-matrix-3,200
20,40,10000,320.210211,0,http-matrix-3,200
20,40,10000,552.510145,1,http-matrix-3,200
21,40,10000,310.805228,0,http-matrix-3,200
21,40,10000,551.494007,1,http-matrix-3,200
22,40,10000,82.565591,0,http-matrix-3,200
22,40,10000,522.382573,1,http-matrix-3,200
23,40,10000,31.735406,0,http-matrix-3,200
23,40,10000,504.866054,1,http-matrix-3,200
24,40,10000,102.633607,0,http-matrix-3,200
24,40,10000,527.862703,1,http-matrix-3,200
25,40,10000,115.192523,0,http-matrix-3,200
25,40,10000,530.82663,1,http-matrix-3,200
26,40,10000,124.08617,0,http-matrix-3,200
26,40,10000,537.910827,1,http-matrix-3,200
27,40,10000,350.094038,0,http-matrix-3,200
27,40,10000,534.624877,1,http-matrix-3,200
28,40,10000,144.911321,0,http-matrix-3,200
28,40,10000,551.343775,1,http-matrix-3,200
29,40,10000,159.95486,0,http-matrix-3,200
29,40,10000,544.594385,1,http-matrix-3,200
30,40,10000,171.094072,0,http-matrix-3,200
30,40,10000,548.865816,1,http-matrix-3,200
31,40,10000,189.68515,0,http-matrix-3,200
31,40,10000,546.337381,1,http-matrix-3,200
32,40,10000,206.730178,0,http-matrix-3,200
32,40,10000,543.436912,1,http-matrix-3,200
33,40,10000,217.314654,0,http-matrix-3,200
33,40,10000,546.776502,1,http-matrix-3,200
34,40,10000,229.722899,0,http-matrix-3,200
34,40,10000,544.632125,1,http-matrix-3,200
35,40,10000,240.887659,0,http-matrix-3,200
35,40,10000,544.085374,1,http-matrix-3,200
36,40,10000,259.420057,0,http-matrix-3,200
36,40,10000,542.999275,1,http-matrix-3,200
37,40,10000,270.41459,0,http-matrix-3,200
37,40,10000,544.175301,1,http-matrix-3,200
38,40,10000,280.383606,0,http-matrix-3,200
38,40,10000,543.195861,1,http-matrix-3,200
39,40,10000,299.704086,0,http-matrix-3,200
39,40,10000,544.871292,1,http-matrix-3,200
0,20,20000,54.239204,0,http-matrix-3,200
0,20,20000,409.589583,1,http-matrix-3,200
1,20,20000,75.040511,0,http-matrix-3,200
1,20,20000,422.533719,1,http-matrix-3,200
2,20,20000,92.415755,0,http-matrix-3,200
2,20,20000,435.178295,1,http-matrix-3,200
3,20,20000,110.197099,0,http-matrix-3,200
3,20,20000,433.781886,1,http-matrix-3,200
4,20,20000,132.139027,0,http-matrix-3,200
4,20,20000,445.929383,1,http-matrix-3,200
5,20,20000,152.6494,0,http-matrix-3,200
5,20,20000,444.945755,1,http-matrix-3,200
6,20,20000,169.977938,0,http-matrix-3,200
6,20,20000,453.264118,1,http-matrix-3,200
7,20,20000,191.137373,0,http-matrix-3,200
7,20,20000,466.208895,1,http-matrix-3,200
8,20,20000,210.775997,0,http-matrix-3,200
8,20,20000,466.847367,1,http-matrix-3,200
9,20,20000,18.445555,0,http-matrix-3,200
9,20,20000,18.895976,1,http-matrix-3,200
10,20,20000,249.211844,0,http-matrix-3,200
10,20,20000,478.838883,1,http-matrix-3,200
11,20,20000,317.419066,0,http-matrix-3,200
11,20,20000,490.283557,1,http-matrix-3,200
12,20,20000,367.502706,0,http-matrix-3,200
12,20,20000,486.948616,1,http-matrix-3,200
13,20,20000,417.737057,0,http-matrix-3,200
13,20,20000,499.146798,1,http-matrix-3,200
14,20,20000,228.386522,0,http-matrix-3,200
14,20,20000,474.539189,1,http-matrix-3,200
15,20,20000,268.893167,0,http-matrix-3,200
15,20,20000,488.628755,1,http-matrix-3,200
16,20,20000,287.975632,0,http-matrix-3,200
16,20,20000,493.30371,1,http-matrix-3,200
17,20,20000,447.406913,0,http-matrix-3,200
17,20,20000,485.845524,1,http-matrix-3,200
18,20,20000,337.835393,0,http-matrix-3,200
18,20,20000,499.733363,1,http-matrix-3,200
19,20,20000,388.296487,0,http-matrix-3,200
19,20,20000,498.894826,1,http-matrix-3,200
0,40,20000,888.71432,0,http-matrix-3,200
0,40,20000,1042.544947,1,http-matrix-3,200
1,40,20000,858.355045,0,http-matrix-3,200
1,40,20000,1049.175046,1,http-matrix-3,200
2,40,20000,838.066908,0,http-matrix-3,200
2,40,20000,1039.681157,1,http-matrix-3,200
3,40,20000,808.382062,0,http-matrix-3,200
3,40,20000,1035.637471,1,http-matrix-3,200
4,40,20000,778.858549,0,http-matrix-3,200
4,40,20000,1048.793042,1,http-matrix-3,200
5,40,20000,758.344349,0,http-matrix-3,200
5,40,20000,1039.605034,1,http-matrix-3,200
6,40,20000,728.693738,0,http-matrix-3,200
6,40,20000,1040.076204,1,http-matrix-3,200
7,40,20000,699.325664,0,http-matrix-3,200
7,40,20000,1042.473554,1,http-matrix-3,200
8,40,20000,678.608956,0,http-matrix-3,200
8,40,20000,1039.772988,1,http-matrix-3,200
9,40,20000,59.484485,0,http-matrix-3,200
9,40,20000,965.95953,1,http-matrix-3,200
10,40,20000,996.982906,0,http-matrix-3,200
10,40,20000,1033.572773,1,http-matrix-3,200
11,40,20000,967.236316,0,http-matrix-3,200
11,40,20000,1039.609081,1,http-matrix-3,200
12,40,20000,102.060266,0,http-matrix-3,200
12,40,20000,978.077152,1,http-matrix-3,200
13,40,20000,82.37263,0,http-matrix-3,200
13,40,20000,968.128062,1,http-matrix-3,200
14,40,20000,651.095688,0,http-matrix-3,200
14,40,20000,1039.618158,1,http-matrix-3,200
15,40,20000,622.486354,0,http-matrix-3,200
15,40,20000,1047.787443,1,http-matrix-3,200
16,40,20000,600.893417,0,http-matrix-3,200
16,40,20000,1034.366656,1,http-matrix-3,200
17,40,20000,942.146005,0,http-matrix-3,200
17,40,20000,1048.431507,1,http-matrix-3,200
18,40,20000,571.515195,0,http-matrix-3,200
18,40,20000,1039.547456,1,http-matrix-3,200
19,40,20000,921.533912,0,http-matrix-3,200
19,40,20000,1036.0865,1,http-matrix-3,200
20,40,20000,541.536111,0,http-matrix-3,200
20,40,20000,1048.991242,1,http-matrix-3,200
21,40,20000,521.083735,0,http-matrix-3,200
21,40,20000,1039.403768,1,http-matrix-3,200
22,40,20000,492.23366,0,http-matrix-3,200
22,40,20000,1038.745227,1,http-matrix-3,200
23,40,20000,461.91966,0,http-matrix-3,200
23,40,20000,1048.699247,1,http-matrix-3,200
24,40,20000,441.264687,0,http-matrix-3,200
24,40,20000,1039.552255,1,http-matrix-3,200
25,40,20000,411.477872,0,http-matrix-3,200
25,40,20000,1034.938565,1,http-matrix-3,200
26,40,20000,21.056753,0,http-matrix-3,200
26,40,20000,21.340925,1,http-matrix-3,200
27,40,20000,120.746841,0,http-matrix-3,200
27,40,20000,985.995426,1,http-matrix-3,200
28,40,20000,142.163217,0,http-matrix-3,200
28,40,20000,990.306521,1,http-matrix-3,200
29,40,20000,161.965898,0,http-matrix-3,200
29,40,20000,1028.507128,1,http-matrix-3,200
30,40,20000,186.036292,0,http-matrix-3,200
30,40,20000,1019.593924,1,http-matrix-3,200
31,40,20000,212.959357,0,http-matrix-3,200
31,40,20000,1013.824804,1,http-matrix-3,200
32,40,20000,235.979148,0,http-matrix-3,200
32,40,20000,1008.884353,1,http-matrix-3,200
33,40,20000,262.022509,0,http-matrix-3,200
33,40,20000,1005.793909,1,http-matrix-3,200
34,40,20000,282.513927,0,http-matrix-3,200
34,40,20000,1008.881248,1,http-matrix-3,200
35,40,20000,302.165636,0,http-matrix-3,200
35,40,20000,1018.905157,1,http-matrix-3,200
36,40,20000,321.446721,0,http-matrix-3,200
36,40,20000,1028.787883,1,http-matrix-3,200
37,40,20000,339.332811,0,http-matrix-3,200
37,40,20000,1031.812034,1,http-matrix-3,200
38,40,20000,361.306849,0,http-matrix-3,200
38,40,20000,1039.846515,1,http-matrix-3,200
39,40,20000,381.884047,0,http-matrix-3,200
39,40,20000,1049.130943,1,http-matrix-3,200
0,20,1000,20.299168,0,http-matrix-3,200
0,20,1000,26.313706,1,http-matrix-3,200
1,20,1000,17.80052,0,http-matrix-3,200
1,20,1000,26.365753,1,http-matrix-3,200
2,20,1000,19.066424,0,http-matrix-3,200
2,20,1000,26.326731,1,http-matrix-3,200
3,20,1000,11.794618,0,http-matrix-3,200
3,20,1000,26.503992,1,http-matrix-3,200
4,20,1000,15.800483,0,http-matrix-3,200
4,20,1000,26.499313,1,http-matrix-3,200
5,20,1000,1.311601,0,http-matrix-3,200
5,20,1000,1.435562,1,http-matrix-3,200
6,20,1000,13.144601,0,http-matrix-3,200
6,20,1000,26.405978,1,http-matrix-3,200
7,20,1000,26.363008,0,http-matrix-3,200
7,20,1000,25.992776,1,http-matrix-3,200
8,20,1000,21.915619,0,http-matrix-3,200
8,20,1000,26.207237,1,http-matrix-3,200
9,20,1000,4.067249,0,http-matrix-3,200
9,20,1000,26.040155,1,http-matrix-3,200
10,20,1000,23.371398,0,http-matrix-3,200
10,20,1000,25.940759,1,http-matrix-3,200
11,20,1000,24.709448,0,http-matrix-3,200
11,20,1000,25.928898,1,http-matrix-3,200
12,20,1000,14.480807,0,http-matrix-3,200
12,20,1000,26.817708,1,http-matrix-3,200
13,20,1000,27.60052,0,http-matrix-3,200
13,20,1000,25.912136,1,http-matrix-3,200
14,20,1000,28.901421,0,http-matrix-3,200
14,20,1000,25.927365,1,http-matrix-3,200
15,20,1000,5.245731,0,http-matrix-3,200
15,20,1000,26.034966,1,http-matrix-3,200
16,20,1000,6.483244,0,http-matrix-3,200
16,20,1000,26.811215,1,http-matrix-3,200
17,20,1000,7.749509,0,http-matrix-3,200
17,20,1000,26.755362,1,http-matrix-3,200
18,20,1000,9.09839,0,http-matrix-3,200
18,20,1000,26.661135,1,http-matrix-3,200
19,20,1000,10.425049,0,http-matrix-3,200
19,20,1000,26.619688,1,http-matrix-3,200
0,40,1000,39.606083,0,http-matrix-3,200
0,40,1000,86.205011,1,http-matrix-3,200
1,40,1000,38.038704,0,http-matrix-3,200
1,40,1000,86.197036,1,http-matrix-3,200
2,40,1000,36.186213,0,http-matrix-3,200
2,40,1000,86.187448,1,http-matrix-3,200
3,40,1000,2.356463,0,http-matrix-3,200
3,40,1000,1.82014,1,http-matrix-3,200
4,40,1000,32.732059,0,http-matrix-3,200
4,40,1000,80.491275,1,http-matrix-3,200
5,40,1000,31.187643,0,http-matrix-3,200
5,40,1000,79.907684,1,http-matrix-3,200
6,40,1000,29.621617,0,http-matrix-3,200
6,40,1000,79.913786,1,http-matrix-3,200
7,40,1000,34.530118,0,http-matrix-3,200
7,40,1000,80.218465,1,http-matrix-3,200
8,40,1000,26.060644,0,http-matrix-3,200
8,40,1000,79.696941,1,http-matrix-3,200
9,40,1000,22.259631,0,http-matrix-3,200
9,40,1000,80.258851,1,http-matrix-3,200
10,40,1000,20.682755,0,http-matrix-3,200
10,40,1000,74.201292,1,http-matrix-3,200
11,40,1000,27.598005,0,http-matrix-3,200
11,40,1000,80.100545,1,http-matrix-3,200
12,40,1000,15.687411,0,http-matrix-3,200
12,40,1000,74.198236,1,http-matrix-3,200
13,40,1000,12.343183,0,http-matrix-3,200
13,40,1000,74.048267,1,http-matrix-3,200
14,40,1000,10.748062,0,http-matrix-3,200
14,40,1000,74.12474,1,http-matrix-3,200
15,40,1000,17.191983,0,http-matrix-3,200
15,40,1000,74.15713,1,http-matrix-3,200
16,40,1000,7.324716,0,http-matrix-3,200
16,40,1000,67.802026,1,http-matrix-3,200
17,40,1000,9.198457,0,http-matrix-3,200
17,40,1000,73.539566,1,http-matrix-3,200
18,40,1000,60.297013,0,http-matrix-3,200
18,40,1000,92.071201,1,http-matrix-3,200
19,40,1000,14.762283,0,http-matrix-3,200
19,40,1000,73.741443,1,http-matrix-3,200
20,40,1000,55.00249,0,http-matrix-3,200
20,40,1000,92.205172,1,http-matrix-3,200
21,40,1000,62.169241,0,http-matrix-3,200
21,40,1000,91.771562,1,http-matrix-3,200
22,40,1000,56.625262,0,http-matrix-3,200
22,40,1000,91.770961,1,http-matrix-3,200
23,40,1000,58.642472,0,http-matrix-3,200
23,40,1000,92.186156,1,http-matrix-3,200
24,40,1000,53.436735,0,http-matrix-3,200
24,40,1000,91.975332,1,http-matrix-3,200
25,40,1000,44.859378,0,http-matrix-3,200
25,40,1000,86.533585,1,http-matrix-3,200
26,40,1000,51.35194,0,http-matrix-3,200
26,40,1000,91.904621,1,http-matrix-3,200
27,40,1000,49.828252,0,http-matrix-3,200
27,40,1000,92.525641,1,http-matrix-3,200
28,40,1000,46.74924,0,http-matrix-3,200
28,40,1000,86.181738,1,http-matrix-3,200
29,40,1000,48.279869,0,http-matrix-3,200
29,40,1000,86.218686,1,http-matrix-3,200
30,40,1000,19.003808,0,http-matrix-3,200
30,40,1000,73.982754,1,http-matrix-3,200
31,40,1000,23.803756,0,http-matrix-3,200
31,40,1000,79.660954,1,http-matrix-3,200
32,40,1000,70.282941,0,http-matrix-3,200
32,40,1000,96.693007,1,http-matrix-3,200
33,40,1000,71.778746,0,http-matrix-3,200
33,40,1000,96.707564,1,http-matrix-3,200
34,40,1000,68.706686,0,http-matrix-3,200
34,40,1000,96.023957,1,http-matrix-3,200
35,40,1000,66.244846,0,http-matrix-3,200
35,40,1000,96.952101,1,http-matrix-3,200
36,40,1000,42.66106,0,http-matrix-3,200
36,40,1000,85.719313,1,http-matrix-3,200
37,40,1000,64.771253,0,http-matrix-3,200
37,40,1000,92.536391,1,http-matrix-3,200
38,40,1000,44.221105,0,http-matrix-3,200
38,40,1000,85.875796,1,http-matrix-3,200
39,40,1000,6.299129,0,http-matrix-3,200
39,40,1000,67.714352,1,http-matrix-3,200
0,20,10000,78.741225,0,http-matrix-3,200
0,20,10000,240.991593,1,http-matrix-3,200
1,20,10000,11.493085,0,http-matrix-3,200
1,20,10000,249.134199,1,http-matrix-3,200
2,20,10000,69.752039,0,http-matrix-3,200
2,20,10000,238.964156,1,http-matrix-3,200
3,20,10000,22.252449,0,http-matrix-3,200
3,20,10000,11.362681,1,http-matrix-3,200
4,20,10000,153.28645,0,http-matrix-3,200
4,20,10000,247.411379,1,http-matrix-3,200
5,20,10000,163.688967,0,http-matrix-3,200
5,20,10000,256.381369,1,http-matrix-3,200
6,20,10000,180.041281,0,http-matrix-3,200
6,20,10000,249.877698,1,http-matrix-3,200
7,20,10000,190.219668,0,http-matrix-3,200
7,20,10000,250.127805,1,http-matrix-3,200
8,20,10000,200.47498,0,http-matrix-3,200
8,20,10000,257.892072,1,http-matrix-3,200
9,20,10000,219.840595,0,http-matrix-3,200
9,20,10000,251.016275,1,http-matrix-3,200
10,20,10000,61.0558,0,http-matrix-3,200
10,20,10000,237.163812,1,http-matrix-3,200
11,20,10000,240.164459,0,http-matrix-3,200
11,20,10000,259.21337,1,http-matrix-3,200
12,20,10000,98.196717,0,http-matrix-3,200
12,20,10000,250.172247,1,http-matrix-3,200
13,20,10000,108.403458,0,http-matrix-3,200
13,20,10000,250.137783,1,http-matrix-3,200
14,20,10000,87.251887,0,http-matrix-3,200
14,20,10000,249.151962,1,http-matrix-3,200
15,20,10000,118.671683,0,http-matrix-3,200
15,20,10000,259.324018,1,http-matrix-3,200
16,20,10000,138.131183,0,http-matrix-3,200
16,20,10000,245.947564,1,http-matrix-3,200
17,20,10000,229.961374,0,http-matrix-3,200
17,20,10000,250.519036,1,http-matrix-3,200
18,20,10000,40.645915,0,http-matrix-3,200
18,20,10000,228.172862,1,http-matrix-3,200
19,20,10000,51.011243,0,http-matrix-3,200
19,20,10000,228.196607,1,http-matrix-3,200
0,40,10000,497.47843,0,http-matrix-3,200
0,40,10000,548.218276,1,http-matrix-3,200
1,40,10000,230.258289,0,http-matrix-3,200
1,40,10000,539.98414,1,http-matrix-3,200
2,40,10000,266.205716,0,http-matrix-3,200
2,40,10000,540.895974,1,http-matrix-3,200
3,40,10000,12.757897,0,http-matrix-3,200
3,40,10000,11.31949,1,http-matrix-3,200
4,40,10000,379.018081,0,http-matrix-3,200
4,40,10000,539.85014,1,http-matrix-3,200
5,40,10000,389.343103,0,http-matrix-3,200
5,40,10000,547.006532,1,http-matrix-3,200
6,40,10000,408.799397,0,http-matrix-3,200
6,40,10000,540.185067,1,http-matrix-3,200
7,40,10000,419.019452,0,http-matrix-3,200
7,40,10000,538.855933,1,http-matrix-3,200
8,40,10000,429.718854,0,http-matrix-3,200
8,40,10000,548.935536,1,http-matrix-3,200
9,40,10000,41.863311,0,http-matrix-3,200
9,40,10000,495.667617,1,http-matrix-3,200
10,40,10000,54.410614,0,http-matrix-3,200
10,40,10000,503.794432,1,http-matrix-3,200
11,40,10000,64.925331,0,http-matrix-3,200
11,40,10000,503.999956,1,http-matrix-3,200
12,40,10000,73.610808,0,http-matrix-3,200
12,40,10000,511.062732,1,http-matrix-3,200
13,40,10000,84.992556,0,http-matrix-3,200
13,40,10000,514.433941,1,http-matrix-3,200
14,40,10000,93.657706,0,http-matrix-3,200
14,40,10000,512.732892,1,http-matrix-3,200
15,40,10000,124.538837,0,http-matrix-3,200
15,40,10000,532.987378,1,http-matrix-3,200
16,40,10000,167.767869,0,http-matrix-3,200
16,40,10000,541.798541,1,http-matrix-3,200
17,40,10000,178.293776,0,http-matrix-3,200
17,40,10000,548.903366,1,http-matrix-3,200
18,40,10000,197.58493,0,http-matrix-3,200
18,40,10000,540.919057,1,http-matrix-3,200
19,40,10000,207.837597,0,http-matrix-3,200
19,40,10000,538.883414,1,http-matrix-3,200
20,40,10000,456.520211,0,http-matrix-3,200
20,40,10000,540.527696,1,http-matrix-3,200
21,40,10000,34.731404,0,http-matrix-3,200
21,40,10000,496.854816,1,http-matrix-3,200
22,40,10000,108.298201,0,http-matrix-3,200
22,40,10000,521.87776,1,http-matrix-3,200
23,40,10000,117.774998,0,http-matrix-3,200
23,40,10000,523.685547,1,http-matrix-3,200
24,40,10000,350.473137,0,http-matrix-3,200
24,40,10000,537.948267,1,http-matrix-3,200
25,40,10000,361.536748,0,http-matrix-3,200
25,40,10000,548.208528,1,http-matrix-3,200
26,40,10000,134.019381,0,http-matrix-3,200
26,40,10000,533.895715,1,http-matrix-3,200
27,40,10000,142.841925,0,http-matrix-3,200
27,40,10000,533.490047,1,http-matrix-3,200
28,40,10000,153.10416,0,http-matrix-3,200
28,40,10000,544.655248,1,http-matrix-3,200
29,40,10000,446.539633,0,http-matrix-3,200
29,40,10000,540.199574,1,http-matrix-3,200
30,40,10000,516.444318,0,http-matrix-3,200
30,40,10000,538.256363,1,http-matrix-3,200
31,40,10000,476.164476,0,http-matrix-3,200
31,40,10000,539.971697,1,http-matrix-3,200
32,40,10000,237.899206,0,http-matrix-3,200
32,40,10000,540.66853,1,http-matrix-3,200
33,40,10000,247.37997,0,http-matrix-3,200
33,40,10000,546.072718,1,http-matrix-3,200
34,40,10000,486.903291,0,http-matrix-3,200
34,40,10000,537.18956,1,http-matrix-3,200
35,40,10000,277.448913,0,http-matrix-3,200
35,40,10000,540.751605,1,http-matrix-3,200
36,40,10000,287.624335,0,http-matrix-3,200
36,40,10000,548.641997,1,http-matrix-3,200
37,40,10000,306.748518,0,http-matrix-3,200
37,40,10000,540.116619,1,http-matrix-3,200
38,40,10000,317.285406,0,http-matrix-3,200
38,40,10000,545.918238,1,http-matrix-3,200
39,40,10000,336.454613,0,http-matrix-3,200
39,40,10000,540.005961,1,http-matrix-3,200
0,20,20000,182.345957,0,http-matrix-3,200
0,20,20000,490.07661,1,http-matrix-3,200
1,20,20000,160.383059,0,http-matrix-3,200
1,20,20000,488.330698,1,http-matrix-3,200
2,20,20000,205.834765,0,http-matrix-3,200
2,20,20000,499.16916,1,http-matrix-3,200
3,20,20000,54.670479,0,http-matrix-3,200
3,20,20000,438.16785,1,http-matrix-3,200
4,20,20000,445.505771,0,http-matrix-3,200
4,20,20000,498.798918,1,http-matrix-3,200
5,20,20000,19.624849,0,http-matrix-3,200
5,20,20000,18.085753,1,http-matrix-3,200
6,20,20000,264.777617,0,http-matrix-3,200
6,20,20000,490.284219,1,http-matrix-3,200
7,20,20000,285.051838,0,http-matrix-3,200
7,20,20000,499.136348,1,http-matrix-3,200
8,20,20000,313.901092,0,http-matrix-3,200
8,20,20000,495.579793,1,http-matrix-3,200
9,20,20000,343.249389,0,http-matrix-3,200
9,20,20000,490.176477,1,http-matrix-3,200
10,20,20000,473.304753,0,http-matrix-3,200
10,20,20000,486.778959,1,http-matrix-3,200
11,20,20000,393.647486,0,http-matrix-3,200
11,20,20000,486.158289,1,http-matrix-3,200
12,20,20000,363.816357,0,http-matrix-3,200
12,20,20000,499.351971,1,http-matrix-3,200
13,20,20000,423.474657,0,http-matrix-3,200
13,20,20000,489.802487,1,http-matrix-3,200
14,20,20000,235.167883,0,http-matrix-3,200
14,20,20000,496.907233,1,http-matrix-3,200
15,20,20000,71.171291,0,http-matrix-3,200
15,20,20000,451.76147,1,http-matrix-3,200
16,20,20000,88.52739,0,http-matrix-3,200
16,20,20000,454.474529,1,http-matrix-3,200
17,20,20000,105.314126,0,http-matrix-3,200
17,20,20000,462.830663,1,http-matrix-3,200
18,20,20000,126.210329,0,http-matrix-3,200
18,20,20000,476.044873,1,http-matrix-3,200
19,20,20000,143.409536,0,http-matrix-3,200
19,20,20000,478.683012,1,http-matrix-3,200
0,40,20000,1006.465975,0,http-matrix-3,200
0,40,20000,1039.92948,1,http-matrix-3,200
1,40,20000,977.028452,0,http-matrix-3,200
1,40,20000,1041.571709,1,http-matrix-3,200
2,40,20000,917.498523,0,http-matrix-3,200
2,40,20000,1047.205445,1,http-matrix-3,200
3,40,20000,947.195391,0,http-matrix-3,200
3,40,20000,1049.326409,1,http-matrix-3,200
4,40,20000,787.380151,0,http-matrix-3,200
4,40,20000,1048.223187,1,http-matrix-3,200
5,40,20000,897.097224,0,http-matrix-3,200
5,40,20000,1039.505559,1,http-matrix-3,200
6,40,20000,867.219749,0,http-matrix-3,200
6,40,20000,1048.608447,1,http-matrix-3,200
7,40,20000,21.465918,0,http-matrix-3,200
7,40,20000,19.032731,1,http-matrix-3,200
8,40,20000,817.053234,0,http-matrix-3,200
8,40,20000,1039.254589,1,http-matrix-3,200
9,40,20000,517.777378,0,http-matrix-3,200
9,40,20000,1047.050246,1,http-matrix-3,200
10,40,20000,757.600118,0,http-matrix-3,200
10,40,20000,1046.718846,1,http-matrix-3,200
11,40,20000,737.023352,0,http-matrix-3,200
11,40,20000,1039.554951,1,http-matrix-3,200
12,40,20000,707.287871,0,http-matrix-3,200
12,40,20000,1049.02248,1,http-matrix-3,200
13,40,20000,677.600262,0,http-matrix-3,200
13,40,20000,1043.615458,1,http-matrix-3,200
14,40,20000,657.20333,0,http-matrix-3,200
14,40,20000,1039.200549,1,http-matrix-3,200
15,40,20000,627.393532,0,http-matrix-3,200
15,40,20000,1049.017141,1,http-matrix-3,200
16,40,20000,837.314772,0,http-matrix-3,200
16,40,20000,1045.62363,1,http-matrix-3,200
17,40,20000,577.141978,0,http-matrix-3,200
17,40,20000,1039.288954,1,http-matrix-3,200
18,40,20000,547.371293,0,http-matrix-3,200
18,40,20000,1048.849938,1,http-matrix-3,200
19,40,20000,63.955589,0,http-matrix-3,200
19,40,20000,963.602667,1,http-matrix-3,200
20,40,20000,497.246527,0,http-matrix-3,200
20,40,20000,1039.627266,1,http-matrix-3,200
21,40,20000,467.664975,0,http-matrix-3,200
21,40,20000,1048.69069,1,http-matrix-3,200
22,40,20000,437.779766,0,http-matrix-3,200
22,40,20000,1046.68356,1,http-matrix-3,200
23,40,20000,417.310429,0,http-matrix-3,200
23,40,20000,1039.36734,1,http-matrix-3,200
24,40,20000,597.567112,0,http-matrix-3,200
24,40,20000,1045.042163,1,http-matrix-3,200
25,40,20000,357.850791,0,http-matrix-3,200
25,40,20000,1046.710009,1,http-matrix-3,200
26,40,20000,337.308649,0,http-matrix-3,200
26,40,20000,1039.307599,1,http-matrix-3,200
27,40,20000,307.590522,0,http-matrix-3,200
27,40,20000,1039.884797,1,http-matrix-3,200
28,40,20000,278.24975,0,http-matrix-3,200
28,40,20000,1046.70465,1,http-matrix-3,200
29,40,20000,387.60711,0,http-matrix-3,200
29,40,20000,1039.448422,1,http-matrix-3,200
30,40,20000,229.891414,0,http-matrix-3,200
30,40,20000,1038.748443,1,http-matrix-3,200
31,40,20000,211.56953,0,http-matrix-3,200
31,40,20000,1032.988912,1,http-matrix-3,200
32,40,20000,257.30763,0,http-matrix-3,200
32,40,20000,1039.692788,1,http-matrix-3,200
33,40,20000,194.13258,0,http-matrix-3,200
33,40,20000,1022.950906,1,http-matrix-3,200
34,40,20000,174.950539,0,http-matrix-3,200
34,40,20000,1012.24301,1,http-matrix-3,200
35,40,20000,82.022045,0,http-matrix-3,200
35,40,20000,975.162576,1,http-matrix-3,200
36,40,20000,155.331301,0,http-matrix-3,200
36,40,20000,1008.242104,1,http-matrix-3,200
37,40,20000,99.486106,0,http-matrix-3,200
37,40,20000,991.79364,1,http-matrix-3,200
38,40,20000,118.616571,0,http-matrix-3,200
38,40,20000,995.788815,1,http-matrix-3,200
39,40,20000,137.071102,0,http-matrix-3,200
39,40,20000,1000.227168,1,http-matrix-3,200
0,20,20000,275.169213,0,HTTPLatencyBudget,200
0,20,20000,362.557435,1,HTTPLatencyBudget,200
1,20,20000,247.893149,0,HTTPLatencyBudget,200
1,20,20000,369.800639,1,HTTPLatencyBudget,200
2,20,20000,383.71083,0,HTTPLatencyBudget,200
2,20,20000,363.836485,1,HTTPLatencyBudget,200
3,20,20000,212.974916,0,HTTPLatencyBudget,200
3,20,20000,371.938674,1,HTTPLatencyBudget,200
4,20,20000,230.27471,0,HTTPLatencyBudget,200
4,20,20000,371.126035,1,HTTPLatencyBudget,200
5,20,20000,194.46486,0,HTTPLatencyBudget,200
5,20,20000,368.662903,1,HTTPLatencyBudget,200
6,20,20000,17.972421,0,HTTPLatencyBudget,200
6,20,20000,385.501786,1,HTTPLatencyBudget,200
7,20,20000,309.503456,0,HTTPLatencyBudget,200
7,20,20000,361.893454,1,HTTPLatencyBudget,200
8,20,20000,328.789851,0,HTTPLatencyBudget,200
8,20,20000,362.499598,1,HTTPLatencyBudget,200
9,20,20000,292.671125,0,HTTPLatencyBudget,200
9,20,20000,361.951704,1,HTTPLatencyBudget,200
10,20,20000,362.953004,0,HTTPLatencyBudget,200
10,20,20000,360.616489,1,HTTPLatencyBudget,200
11,20,20000,346.335876,0,HTTPLatencyBudget,200
11,20,20000,362.033136,1,HTTPLatencyBudget,200
12,20,20000,177.613435,0,HTTPLatencyBudget,200
12,20,20000,365.37507,1,HTTPLatencyBudget,200
13,20,20000,73.437876,0,HTTPLatencyBudget,200
13,20,20000,346.406458,1,HTTPLatencyBudget,200
14,20,20000,35.495301,0,HTTPLatencyBudget,200
14,20,20000,20.828578,1,HTTPLatencyBudget,200
15,20,20000,89.648185,0,HTTPLatencyBudget,200
15,20,20000,346.378847,1,HTTPLatencyBudget,200
16,20,20000,107.932247,0,HTTPLatencyBudget,200
16,20,20000,348.035181,1,HTTPLatencyBudget,200
17,20,20000,124.983808,0,HTTPLatencyBudget,200
17,20,20000,354.830558,1,HTTPLatencyBudget,200
18,20,20000,141.560471,0,HTTPLatencyBudget,200
18,20,20000,356.927926,1,HTTPLatencyBudget,200
19,20,20000,160.024369,0,HTTPLatencyBudget,200
19,20,20000,361.124037,1,HTTPLatencyBudget,200
0,20,20000,200.157608,0,HTTPLatencyBudget,200
0,20,20000,484.557678,1,HTTPLatencyBudget,200
1,20,20000,163.908256,0,HTTPLatencyBudget,200
1,20,20000,459.046822,1,HTTPLatencyBudget,200
2,20,20000,182.619909,0,HTTPLatencyBudget,200
2,20,20000,472.644338,1,HTTPLatencyBudget,200
3,20,20000,93.661003,0,HTTPLatencyBudget,200
3,20,20000,431.315768,1,HTTPLatencyBudget,200
4,20,20000,146.821681,0,HTTPLatencyBudget,200
4,20,20000,457.847972,1,HTTPLatencyBudget,200
5,20,20000,21.005818,0,HTTPLatencyBudget,200
5,20,20000,454.846705,1,HTTPLatencyBudget,200
6,20,20000,110.381554,0,HTTPLatencyBudget,200
6,20,20000,432.326958,1,HTTPLatencyBudget,200
7,20,20000,39.748468,0,HTTPLatencyBudget,200
7,20,20000,16.520108,1,HTTPLatencyBudget,200
8,20,20000,217.720663,0,HTTPLatencyBudget,200
8,20,20000,485.918532,1,HTTPLatencyBudget,200
9,20,20000,236.684327,0,HTTPLatencyBudget,200
9,20,20000,499.028586,1,HTTPLatencyBudget,200
10,20,20000,256.291041,0,HTTPLatencyBudget,200
10,20,20000,499.943105,1,HTTPLatencyBudget,200
11,20,20000,129.081685,0,HTTPLatencyBudget,200
11,20,20000,446.569689,1,HTTPLatencyBudget,200
12,20,20000,306.357137,0,HTTPLatencyBudget,200
12,20,20000,509.413431,1,HTTPLatencyBudget,200
13,20,20000,337.274215,0,HTTPLatencyBudget,200
13,20,20000,498.063434,1,HTTPLatencyBudget,200
14,20,20000,366.020747,0,HTTPLatencyBudget,200
14,20,20000,497.937559,1,HTTPLatencyBudget,200
15,20,20000,386.176336,0,HTTPLatencyBudget,200
15,20,20000,509.936808,1,HTTPLatencyBudget,200
16,20,20000,416.168525,0,HTTPLatencyBudget,200
16,20,20000,499.181592,1,HTTPLatencyBudget,200
17,20,20000,445.649109,0,HTTPLatencyBudget,200
17,20,20000,496.945264,1,HTTPLatencyBudget,200
18,20,20000,76.294253,0,HTTPLatencyBudget,200
18,20,20000,419.604296,1,HTTPLatencyBudget,200
19,20,20000,285.823842,0,HTTPLatencyBudget,200
19,20,20000,497.565974,1,HTTPLatencyBudget,200
0,20,20000,457.733088,0,HTTPLatencyBudget,200
0,20,20000,491.481284,1,HTTPLatencyBudget,200
1,20,20000,428.252824,0,HTTPLatencyBudget,200
1,20,20000,497.727296,1,HTTPLatencyBudget,200
2,20,20000,377.825824,0,HTTPLatencyBudget,200
2,20,20000,490.451981,1,HTTPLatencyBudget,200
3,20,20000,398.453466,0,HTTPLatencyBudget,200
3,20,20000,499.592511,1,HTTPLatencyBudget,200
4,20,20000,17.382038,0,HTTPLatencyBudget,200
4,20,20000,17.37788,1,HTTPLatencyBudget,200
5,20,20000,348.543561,0,HTTPLatencyBudget,200
5,20,20000,497.584048,1,HTTPLatencyBudget,200
6,20,20000,327.773353,0,HTTPLatencyBudget,200
6,20,20000,490.340834,1,HTTPLatencyBudget,200
7,20,20000,298.266239,0,HTTPLatencyBudget,200
7,20,20000,499.176082,1,HTTPLatencyBudget,200
8,20,20000,268.454237,0,HTTPLatencyBudget,200
8,20,20000,495.065462,1,HTTPLatencyBudget,200
9,20,20000,248.169736,0,HTTPLatencyBudget,200
9,20,20000,492.069203,1,HTTPLatencyBudget,200
10,20,20000,218.642345,0,HTTPLatencyBudget,200
10,20,20000,499.407845,1,HTTPLatencyBudget,200
11,20,20000,196.563511,0,HTTPLatencyBudget,200
11,20,20000,488.507558,1,HTTPLatencyBudget,200
12,20,20000,179.945682,0,HTTPLatencyBudget,200
12,20,20000,478.555434,1,HTTPLatencyBudget,200
13,20,20000,55.229535,0,HTTPLatencyBudget,200
13,20,20000,423.142686,1,HTTPLatencyBudget,200
14,20,20000,143.19261,0,HTTPLatencyBudget,200
14,20,20000,462.351547,1,HTTPLatencyBudget,200
15,20,20000,162.559126,0,HTTPLatencyBudget,200
15,20,20000,475.385841,1,HTTPLatencyBudget,200
16,20,20000,125.984968,0,HTTPLatencyBudget,200
16,20,20000,461.969072,1,HTTPLatencyBudget,200
17,20,20000,108.449083,0,HTTPLatencyBudget,200
17,20,20000,450.025817,1,HTTPLatencyBudget,200
18,20,20000,89.615493,0,HTTPLatencyBudget,200
18,20,20000,439.508937,1,HTTPLatencyBudget,200
19,20,20000,72.696862,0,HTTPLatencyBudget,200
19,20,20000,435.190047,1,HTTPLatencyBudget,200
0,40,20000,782.733338,0,profile-http,200
0,40,20000,824.65629,1,profile-http,200
0,40,20000,869.255893,2,profile-http,200
0,40,20000,772.967923,3,profile-http,200
1,40,20000,757.338048,0,profile-http,200
1,40,20000,822.592093,1,profile-http,200
1,40,20000,867.372013,2,profile-http,200
1,40,20000,774.559126,3,profile-http,200
2,40,20000,733.214625,0,profile-http,200
2,40,20000,834.042678,1,profile-http,200
2,40,20000,870.562554,2,profile-http,200
2,40,20000,774.451684,3,profile-http,200
3,40,20000,712.24868,0,profile-http,200
3,40,20000,826.853255,1,profile-http,200
3,40,20000,881.575311,2,profile-http,200
3,40,20000,777.058826,3,profile-http,200
4,40,20000,685.68076,0,profile-http,200
4,40,20000,823.801403,1,profile-http,200
4,40,20000,879.462845,2,profile-http,200
4,40,20000,780.374541,3,profile-http,200
5,40,20000,657.12819,0,profile-http,200
5,40,20000,836.531339,1,profile-http,200
5,40,20000,883.018739,2,profile-http,200
5,40,20000,779.995834,3,profile-http,200
6,40,20000,632.882047,0,profile-http,200
6,40,20000,840.072275,1,profile-http,200
6,40,20000,883.71005,2,profile-http,200
6,40,20000,788.676223,3,profile-http,200
7,40,20000,25.286727,0,profile-http,200
7,40,20000,21.5681,1,profile-http,200
7,40,20000,846.543075,2,profile-http,200
7,40,20000,830.509296,3,profile-http,200
8,40,20000,588.85303,0,profile-http,200
8,40,20000,837.140396,1,profile-http,200
8,40,20000,881.985207,2,profile-http,200
8,40,20000,799.654335,3,profile-http,200
9,40,20000,570.177547,0,profile-http,200
9,40,20000,836.840276,1,profile-http,200
9,40,20000,878.216716,2,profile-http,200
9,40,20000,805.28207,3,profile-http,200
10,40,20000,552.956519,0,profile-http,200
10,40,20000,837.275088,1,profile-http,200
10,40,20000,868.626517,2,profile-http,200
10,40,20000,808.918495,3,profile-http,200
11,40,20000,531.787175,0,profile-http,200
11,40,20000,837.927848,1,profile-http,200
11,40,20000,865.063249,2,profile-http,200
11,40,20000,819.497171,3,profile-http,200
12,40,20000,504.576553,0,profile-http,200
12,40,20000,839.756955,1,profile-http,200
12,40,20000,860.084767,2,profile-http,200
12,40,20000,832.160812,3,profile-http,200
13,40,20000,487.040637,0,profile-http,200
13,40,20000,834.961115,1,profile-http,200
13,40,20000,849.918642,2,profile-http,200
13,40,20000,845.052721,3,profile-http,200
14,40,20000,466.050689,0,profile-http,200
14,40,20000,838.671898,1,profile-http,200
14,40,20000,843.524605,2,profile-http,200
14,40,20000,849.253299,3,profile-http,200
15,40,20000,439.695495,0,profile-http,200
15,40,20000,842.438806,1,profile-http,200
15,40,20000,843.644859,2,profile-http,200
15,40,20000,839.080021,3,profile-http,200
16,40,20000,608.028649,0,profile-http,200
16,40,20000,840.120785,1,profile-http,200
16,40,20000,871.154891,2,profile-http,200
16,40,20000,798.722524,3,profile-http,200
17,40,20000,400.740379,0,profile-http,200
17,40,20000,838.60321,1,profile-http,200
17,40,20000,839.341519,2,profile-http,200
17,40,20000,840.927673,3,profile-http,200
18,40,20000,378.768005,0,profile-http,200
18,40,20000,838.411702,1,profile-http,200
18,40,20000,843.517752,2,profile-http,200
18,40,20000,838.707304,3,profile-http,200
19,40,20000,361.777057,0,profile-http,200
19,40,20000,839.311964,1,profile-http,200
19,40,20000,840.506786,2,profile-http,200
19,40,20000,835.582876,3,profile-http,200
20,40,20000,341.175163,0,profile-http,200
20,40,20000,839.872992,1,profile-http,200
20,40,20000,827.700258,2,profile-http,200
20,40,20000,836.139897,3,profile-http,200
21,40,20000,817.601108,0,profile-http,200
21,40,20000,815.765729,1,profile-http,200
21,40,20000,869.130809,2,profile-http,200
21,40,20000,774.100409,3,profile-http,200
22,40,20000,834.554254,0,profile-http,200
22,40,20000,814.263732,1,profile-http,200
22,40,20000,869.337035,2,profile-http,200
22,40,20000,770.876144,3,profile-http,200
23,40,20000,66.367565,0,profile-http,200
23,40,20000,847.572318,1,profile-http,200
23,40,20000,821.745772,2,profile-http,200
23,40,20000,841.748236,3,profile-http,200
24,40,20000,856.107074,0,profile-http,200
24,40,20000,822.596111,1,profile-http,200
24,40,20000,867.71246,2,profile-http,200
24,40,20000,771.607049,3,profile-http,200
25,40,20000,875.238251,0,profile-http,200
25,40,20000,824.076807,1,profile-http,200
25,40,20000,863.641042,2,profile-http,200
25,40,20000,767.691263,3,profile-http,200
26,40,20000,421.746699,0,profile-http,200
26,40,20000,840.30546,1,profile-http,200
26,40,20000,841.378234,2,profile-http,200
26,40,20000,841.780526,3,profile-http,200
27,40,20000,84.324467,0,profile-http,200
27,40,20000,846.806216,1,profile-http,200
27,40,20000,823.99264,2,profile-http,200
27,40,20000,839.528318,3,profile-http,200
28,40,20000,104.330197,0,profile-http,200
28,40,20000,848.353528,1,profile-http,200
28,40,20000,825.280857,2,profile-http,200
28,40,20000,840.054922,3,profile-http,200
29,40,20000,121.467729,0,profile-http,200
29,40,20000,844.941293,1,profile-http,200
29,40,20000,824.260681,2,profile-http,200
29,40,20000,838.568905,3,profile-http,200
30,40,20000,142.634818,0,profile-http,200
30,40,20000,848.967575,1,profile-http,200
30,40,20000,826.652039,2,profile-http,200
30,40,20000,839.463478,3,profile-http,200
31,40,20000,163.991593,0,profile-http,200
31,40,20000,847.598787,1,profile-http,200
31,40,20000,827.259434,2,profile-http,200
31,40,20000,842.678594,3,profile-http,200
32,40,20000,181.872442,0,profile-http,200
32,40,20000,841.02269,1,profile-http,200
32,40,20000,825.392145,2,profile-http,200
32,40,20000,840.847623,3,profile-http,200
33,40,20000,203.760299,0,profile-http,200
33,40,20000,845.487222,1,profile-http,200
33,40,20000,828.860115,2,profile-http,200
33,40,20000,842.223194,3,profile-http,200
34,40,20000,225.063163,0,profile-http,200
34,40,20000,845.525674,1,profile-http,200
34,40,20000,828.488321,2,profile-http,200
34,40,20000,843.263096,3,profile-http,200
35,40,20000,242.80365,0,profile-http,200
35,40,20000,841.917051,1,profile-http,200
35,40,20000,828.709092,2,profile-http,200
35,40,20000,843.613151,3,profile-http,200
36,40,20000,264.796443,0,profile-http,200
36,40,20000,843.855974,1,profile-http,200
36,40,20000,829.363575,2,profile-http,200
36,40,20000,840.724583,3,profile-http,200
37,40,20000,281.980971,0,profile-http,200
37,40,20000,838.485861,1,profile-http,200
37,40,20000,829.636475,2,profile-http,200
37,40,20000,839.416709,3,profile-http,200
38,40,20000,304.125538,0,profile-http,200
38,40,20000,842.320365,1,profile-http,200
38,40,20000,830.336063,2,profile-http,200
38,40,20000,839.740214,3,profile-http,200
39,40,20000,323.53317,0,profile-http,200
39,40,20000,839.423231,1,profile-http,200
39,40,20000,833.767624,2,profile-http,200
39,40,20000,840.472452,3,profile-http,200
