audit_count,clients,elapsed_seconds,failures,goroutines_after,goroutines_before,goroutines_delta,heap_after_bytes,heap_before_bytes,heap_delta_bytes,history,max_ms,numgc_delta,p50_ms,p95_ms,p99_ms,pause_delta_ns,polls,rate_requests_per_second,requests,run,snapshot_bytes,successes,totalalloc_delta_bytes
1040,20,0.054820831,0,3,23,-20,2067208,1509984,557224,1000,29.704522,6,24.850102,28.421074,29.704522,174745,2,729.6496472299007,40,http-matrix-3,232625,40,15749840
1080,40,0.139656002,0,3,43,-40,1951664,2917336,-965672,1000,72.910761,26,66.14038,68.3825,72.910761,686195,2,572.8361033849444,80,http-matrix-3,305605,80,42644376
10040,20,0.380554131,0,3,23,-20,4745976,4672480,73496,10000,201.36863,27,176.645345,181.2934,201.36863,717759,2,105.10988251497919,40,http-matrix-3,1672666,40,103458136
10080,40,0.811680676,0,3,43,-40,5531304,4749760,781544,10000,413.81602,51,382.941362,395.045048,413.81602,1512144,2,98.5609271792002,80,http-matrix-3,1745686,80,218451344
20040,20,0.72913892,0,3,23,-20,8771640,6661664,2109976,20000,379.62225,27,344.87148,353.365291,379.62225,715867,2,54.85923039192586,40,http-matrix-3,3282666,40,199006840
20080,40,1.634606663,0,3,43,-40,14227240,7127632,7099608,20000,879.220151,54,710.079487,857.498695,879.220151,1513040,2,48.941437601371135,80,http-matrix-3,3355686,80,410597032
1040,20,0.057952583,0,3,23,-20,3239952,23609200,-20369248,1000,32.64697,6,25.449401,29.949119,32.64697,133288,2,690.2194506153419,40,http-matrix-3,232625,40,15739936
1080,40,0.17046613,0,3,43,-40,2264672,1302816,961856,1000,97.349253,23,68.832221,93.850166,97.349253,662514,2,469.30143835611216,80,http-matrix-3,305605,80,42639424
10040,20,0.495470218,0,3,23,-20,4625200,4692304,-67104,10000,259.332563,27,221.787301,257.319072,259.332563,704671,2,80.73139120543468,40,http-matrix-3,1672666,40,103329424
10080,40,1.072273434,0,3,43,-40,6156504,4917392,1239112,10000,552.510145,50,504.866054,546.776502,552.510145,1540804,2,74.60783552341557,80,http-matrix-3,1745686,80,218190088
20040,20,0.938414493,0,3,23,-20,10805224,8654912,2150312,20000,499.733363,27,409.589583,498.894826,499.733363,760510,2,42.62508763278446,40,http-matrix-3,3282666,40,199664624
20080,40,2.041694541,0,3,43,-40,11339560,8030256,3309304,20000,1049.175046,56,965.95953,1048.699247,1049.175046,1759701,2,39.18313851239317,80,http-matrix-3,3355686,80,412692056
1040,20,0.055032336,0,3,23,-20,2439064,22278544,-19839480,1000,28.901421,5,25.927365,26.817708,28.901421,335740,2,726.8453950419258,40,http-matrix-3,232625,40,15997984
1080,40,0.169053079,0,3,43,-40,2185400,3024400,-839000,1000,96.952101,27,67.802026,92.536391,96.952101,703774,2,473.2241522794152,80,http-matrix-3,305605,80,43705560
10040,20,0.500418765,0,3,23,-20,5889032,4697480,1191552,10000,259.324018,26,228.172862,257.892072,259.324018,665189,2,79.93305366956012,40,http-matrix-3,1672666,40,103320816
10080,40,1.061323394,0,3,43,-40,6419688,5005128,1414560,10000,548.935536,51,495.667617,548.208528,548.935536,1585261,2,75.37759032945617,80,http-matrix-3,1745686,80,219499992
20040,20,0.965428577,0,3,23,-20,10807528,8656880,2150648,20000,499.351971,27,438.16785,499.136348,499.351971,797537,2,41.43237620363086,40,http-matrix-3,3282666,40,199403392
20080,40,2.047793187,0,3,43,-40,13979248,7525408,6453840,20000,1049.326409,53,963.602667,1048.69069,1049.326409,1256997,2,39.06644504330993,80,http-matrix-3,3355686,80,409026744
20040,20,0.748182562,0,3,23,-20,9036352,6452032,2584320,20000,385.501786,27,346.378847,371.938674,385.501786,893227,2,53.46288731065079,40,HTTPLatencyBudget,3282666,40,199929776
20040,20,0.946039,0,3,23,-20,10900552,7429432,3471120,20000,509.936808,27,416.168525,499.943105,509.936808,702119,2,42.28155498874782,40,HTTPLatencyBudget,3282666,40,200058696
20040,20,0.94994591,0,3,23,-20,10645376,6226856,4418520,20000,499.592511,27,423.142686,499.176082,499.592511,712634,2,42.10766063511974,40,HTTPLatencyBudget,3282666,40,199527776
20080,40,3.337519413,0,4,44,-40,16254160,10144320,6109840,20000,883.71005,96,834.042678,870.562554,883.018739,3501035,4,47.939796058348804,160,profile-http,3360086,160,823700848
