bytes_per_persist,clients,elapsed_seconds,emitted_to_net_file_growth_ratio,final_file_bytes,history,initial_file_bytes,net_file_growth_bytes,persist_calls,persist_per_request,persist_per_second,proc_io_available,ratio_denominator,run,snapshot_emitted_bytes,wchar_delta,write_bytes_delta,write_bytes_per_second
232252.55,20,0.054820831,3545.8404580152674,232625,1000,230005,2620,40,1,729.6496472299007,True,"net snapshot file growth, not logical mutation bytes",http-matrix-3,9290102,9290110,9338880,170352762.43805936
304951.525,40,0.139656002,4655.748473282442,305605,1000,300365,5240,80,1,572.8361033849444,True,"net snapshot file growth, not logical mutation bytes",http-matrix-3,24396122,24396122,24571904,175945921.7513616
1672292.7,20,0.380554131,25531.186259541984,1672666,10000,1670046,2620,40,1,105.10988251497919,True,"net snapshot file growth, not logical mutation bytes",http-matrix-3,66891708,66891708,67006464,176076038.96960455
1745032.525,40,0.811680676,26641.7179389313,1745686,10000,1740446,5240,80,1,98.5609271792002,True,"net snapshot file growth, not logical mutation bytes",http-matrix-3,139602602,139602610,139800576,172235929.88432804
3282290.8,20,0.72913892,50111.30992366412,3282666,20000,3280046,2620,40,1,54.85923039192586,True,"net snapshot file growth, not logical mutation bytes",http-matrix-3,131291632,131291640,131395584,180206515.37844118
3355033.475,40,1.634606663,51221.88511450381,3355686,20000,3350446,5240,80,1,48.941437601371135,True,"net snapshot file growth, not logical mutation bytes",http-matrix-3,268402678,268402686,268603392,164322951.8635579
232249.8,20,0.057952583,3545.798473282443,232625,1000,230005,2620,40,1,690.2194506153419,True,"net snapshot file growth, not logical mutation bytes",http-matrix-3,9289992,9289992,9338880,161146915.5740651
304951.525,40,0.17046613,4655.748473282442,305605,1000,300365,5240,80,1,469.30143835611216,True,"net snapshot file growth, not logical mutation bytes",http-matrix-3,24396122,24396122,24571904,144145373.62935382
1672290.8,20,0.495470218,25531.157251908397,1672666,10000,1670046,2620,40,1,80.73139120543468,True,"net snapshot file growth, not logical mutation bytes",http-matrix-3,66891632,66891632,67006464,135238126.46192187
1745033.2125,40,1.072273434,26641.728435114503,1745686,10000,1740446,5240,80,1,74.60783552341557,True,"net snapshot file growth, not logical mutation bytes",http-matrix-3,139602657,139602657,139800576,130377729.75358447
3282290.8,20,0.938414493,50111.30992366412,3282666,20000,3280046,2620,40,1,42.62508763278446,True,"net snapshot file growth, not logical mutation bytes",http-matrix-3,131291632,131291632,131395584,140018707.0640223
3355032.525,40,2.041694541,51221.87061068702,3355686,20000,3350446,5240,80,1,39.18313851239317,True,"net snapshot file growth, not logical mutation bytes",http-matrix-3,268402602,268402610,268603392,131559048.920433
232249.8,20,0.055032336,3545.798473282443,232625,1000,230005,2620,40,1,726.8453950419258,True,"net snapshot file growth, not logical mutation bytes",http-matrix-3,9289992,9289992,9338880,169698048.07122853
304951.525,40,0.169053079,4655.748473282442,305605,1000,300365,5240,80,1,473.2241522794152,True,"net snapshot file growth, not logical mutation bytes",http-matrix-3,24396122,24396122,24571904,145350230.50363964
1672293.55,20,0.500418765,25531.19923664122,1672666,10000,1670046,2620,40,1,79.93305366956012,True,"net snapshot file growth, not logical mutation bytes",http-matrix-3,66891742,66891742,67006464,133900782.07798621
1745032.525,40,1.061323394,26641.7179389313,1745686,10000,1740446,5240,80,1,75.37759032945617,True,"net snapshot file growth, not logical mutation bytes",http-matrix-3,139602602,139602610,139800576,131722881.81937504
3282290.8,20,0.965428577,50111.30992366412,3282666,20000,3280046,2620,40,1,41.43237620363086,True,"net snapshot file growth, not logical mutation bytes",http-matrix-3,131291632,131291632,131395584,136100781.6945945
3355033.475,40,2.047793187,51221.88511450381,3355686,20000,3350446,5240,80,1,39.06644504330993,True,"net snapshot file growth, not logical mutation bytes",http-matrix-3,268402678,268402678,268603392,131167245.65018295
3282295.45,20,0.748182562,50111.38091603053,3282666,20000,3280046,2620,40,1,53.46288731065079,True,"net snapshot file growth, not logical mutation bytes",HTTPLatencyBudget,131291818,131291826,131395584,175619682.51272875
3282292.175,20,0.946039,50111.330916030536,3282666,20000,3280046,2620,40,1,42.28155498874782,True,"net snapshot file growth, not logical mutation bytes",HTTPLatencyBudget,131291687,131291687,131395584,138890240.25436583
3282290.8,20,0.94994591,50111.30992366412,3282666,20000,3280046,2620,40,1,42.10766063511974,True,"net snapshot file growth, not logical mutation bytes",HTTPLatencyBudget,131291632,131291632,131395584,138319016.50063425
3357518.35625,40,3.337519413,55726.44574688797,3360086,20000,3350446,9640,160,1,47.939796058348804,True,"net snapshot file growth, not logical mutation bytes",profile-http,537202937,537202953,537559040,161065442.16826102
