clients,history,persist_index,run,save_ms,snapshot_bytes,wchar_delta,write_bytes_delta
20,1000,0,http-matrix-3,1.480957,230157,230157,233472
20,1000,1,http-matrix-3,1.389796,231580,231580,233472
20,1000,2,http-matrix-3,1.291793,231635,231635,233472
20,1000,3,http-matrix-3,1.288858,231635,231635,233472
20,1000,4,http-matrix-3,2.113759,231635,231635,233472
20,1000,5,http-matrix-3,1.255997,231690,231690,233472
20,1000,6,http-matrix-3,1.291894,231745,231745,233472
20,1000,7,http-matrix-3,1.218717,231800,231800,233472
20,1000,8,http-matrix-3,1.265204,231855,231855,233472
20,1000,9,http-matrix-3,1.291693,231910,231910,233472
20,1000,10,http-matrix-3,1.216803,231965,231965,233472
20,1000,11,http-matrix-3,1.759898,232020,232020,233472
20,1000,12,http-matrix-3,1.252069,232075,232075,233472
20,1000,13,http-matrix-3,1.274511,232130,232138,233472
20,1000,14,http-matrix-3,1.255626,232185,232185,233472
20,1000,15,http-matrix-3,1.340665,232240,232240,233472
20,1000,16,http-matrix-3,1.275783,232295,232295,233472
20,1000,17,http-matrix-3,1.984037,232350,232350,233472
20,1000,18,http-matrix-3,1.270353,232405,232405,233472
20,1000,19,http-matrix-3,1.222815,232460,232460,233472
20,1000,20,http-matrix-3,1.271356,232515,232515,233472
20,1000,21,http-matrix-3,1.22024,232570,232570,233472
20,1000,22,http-matrix-3,1.26323,232625,232625,233472
20,1000,23,http-matrix-3,1.555957,232625,232625,233472
20,1000,24,http-matrix-3,1.238364,232625,232625,233472
20,1000,25,http-matrix-3,1.222013,232625,232625,233472
20,1000,26,http-matrix-3,1.333933,232625,232625,233472
20,1000,27,http-matrix-3,1.225049,232625,232625,233472
20,1000,28,http-matrix-3,1.256237,232625,232625,233472
20,1000,29,http-matrix-3,1.227614,232625,232625,233472
20,1000,30,http-matrix-3,1.512537,232625,232625,233472
20,1000,31,http-matrix-3,1.231822,232625,232625,233472
20,1000,32,http-matrix-3,1.223927,232625,232625,233472
20,1000,33,http-matrix-3,1.210301,232625,232625,233472
20,1000,34,http-matrix-3,1.220962,232625,232625,233472
20,1000,35,http-matrix-3,1.209149,232625,232625,233472
20,1000,36,http-matrix-3,1.190534,232625,232625,233472
20,1000,37,http-matrix-3,1.599078,232625,232625,233472
20,1000,38,http-matrix-3,1.201745,232625,232625,233472
20,1000,39,http-matrix-3,1.205432,232625,232625,233472
40,1000,0,http-matrix-3,2.248301,300517,300517,303104
40,1000,1,http-matrix-3,1.718691,303460,303460,307200
40,1000,2,http-matrix-3,1.841521,303460,303460,307200
40,1000,3,http-matrix-3,1.713862,303460,303460,307200
40,1000,4,http-matrix-3,1.542031,303515,303515,307200
40,1000,5,http-matrix-3,1.802718,303570,303570,307200
40,1000,6,http-matrix-3,1.858082,303625,303625,307200
40,1000,7,http-matrix-3,1.547712,303680,303680,307200
40,1000,8,http-matrix-3,2.016488,303735,303735,307200
40,1000,9,http-matrix-3,1.561247,303790,303790,307200
40,1000,10,http-matrix-3,1.52541,303845,303845,307200
40,1000,11,http-matrix-3,2.107077,303900,303900,307200
40,1000,12,http-matrix-3,1.508839,303955,303955,307200
40,1000,13,http-matrix-3,1.590922,304010,304010,307200
40,1000,14,http-matrix-3,2.025665,304065,304065,307200
40,1000,15,http-matrix-3,1.545998,304120,304120,307200
40,1000,16,http-matrix-3,1.502628,304175,304175,307200
40,1000,17,http-matrix-3,1.672996,304230,304230,307200
40,1000,18,http-matrix-3,2.236208,304285,304285,307200
40,1000,19,http-matrix-3,1.56292,304340,304340,307200
40,1000,20,http-matrix-3,1.525711,304395,304395,307200
40,1000,21,http-matrix-3,1.561899,304450,304450,307200
40,1000,22,http-matrix-3,2.66009,304505,304505,307200
40,1000,23,http-matrix-3,1.524348,304560,304560,307200
40,1000,24,http-matrix-3,1.534608,304615,304615,307200
40,1000,25,http-matrix-3,2.056613,304670,304670,307200
40,1000,26,http-matrix-3,1.570635,304725,304725,307200
40,1000,27,http-matrix-3,1.56286,304780,304780,307200
40,1000,28,http-matrix-3,1.960664,304835,304835,307200
40,1000,29,http-matrix-3,1.565616,304890,304890,307200
40,1000,30,http-matrix-3,1.501245,304945,304945,307200
40,1000,31,http-matrix-3,1.977054,305000,305000,307200
40,1000,32,http-matrix-3,1.526593,305055,305055,307200
40,1000,33,http-matrix-3,1.534938,305110,305110,307200
40,1000,34,http-matrix-3,2.037407,305165,305165,307200
40,1000,35,http-matrix-3,1.721436,305220,305220,307200
40,1000,36,http-matrix-3,1.532954,305275,305275,307200
40,1000,37,http-matrix-3,1.7717,305330,305330,307200
40,1000,38,http-matrix-3,1.556889,305385,305385,307200
40,1000,39,http-matrix-3,1.517887,305440,305440,307200
40,1000,40,http-matrix-3,1.625768,305495,305495,307200
40,1000,41,http-matrix-3,2.074776,305550,305550,307200
40,1000,42,http-matrix-3,1.535259,305605,305605,307200
40,1000,43,http-matrix-3,1.881135,305605,305605,307200
40,1000,44,http-matrix-3,1.556197,305605,305605,307200
40,1000,45,http-matrix-3,1.541491,305605,305605,307200
40,1000,46,http-matrix-3,1.869994,305605,305605,307200
40,1000,47,http-matrix-3,1.549836,305605,305605,307200
40,1000,48,http-matrix-3,1.539977,305605,305605,307200
40,1000,49,http-matrix-3,1.515721,305605,305605,307200
40,1000,50,http-matrix-3,1.869002,305605,305605,307200
40,1000,51,http-matrix-3,1.5311,305605,305605,307200
40,1000,52,http-matrix-3,1.539587,305605,305605,307200
40,1000,53,http-matrix-3,1.545538,305605,305605,307200
40,1000,54,http-matrix-3,1.940255,305605,305605,307200
40,1000,55,http-matrix-3,1.561046,305605,305605,307200
40,1000,56,http-matrix-3,1.559053,305605,305605,307200
40,1000,57,http-matrix-3,1.507838,305605,305605,307200
40,1000,58,http-matrix-3,2.01743,305605,305605,307200
40,1000,59,http-matrix-3,1.516634,305605,305605,307200
40,1000,60,http-matrix-3,1.531872,305605,305605,307200
40,1000,61,http-matrix-3,2.075999,305605,305605,307200
40,1000,62,http-matrix-3,1.551519,305605,305605,307200
40,1000,63,http-matrix-3,1.683986,305605,305605,307200
40,1000,64,http-matrix-3,1.672766,305605,305605,307200
40,1000,65,http-matrix-3,1.554735,305605,305605,307200
40,1000,66,http-matrix-3,1.509571,305605,305605,307200
40,1000,67,http-matrix-3,2.218084,305605,305605,307200
40,1000,68,http-matrix-3,1.542622,305605,305605,307200
40,1000,69,http-matrix-3,1.518989,305605,305605,307200
40,1000,70,http-matrix-3,1.983566,305605,305605,307200
40,1000,71,http-matrix-3,1.574481,305605,305605,307200
40,1000,72,http-matrix-3,1.546199,305605,305605,307200
40,1000,73,http-matrix-3,1.92624,305605,305605,307200
40,1000,74,http-matrix-3,1.58427,305605,305605,307200
40,1000,75,http-matrix-3,1.577698,305605,305605,307200
40,1000,76,http-matrix-3,2.216782,305605,305605,307200
40,1000,77,http-matrix-3,1.523727,305605,305605,307200
40,1000,78,http-matrix-3,1.557781,305605,305605,307200
40,1000,79,http-matrix-3,1.82466,305605,305605,307200
20,10000,0,http-matrix-3,9.972052,1670274,1670274,1671168
20,10000,1,http-matrix-3,10.5432,1671621,1671621,1675264
20,10000,2,http-matrix-3,10.140778,1671621,1671621,1675264
20,10000,3,http-matrix-3,8.387512,1671621,1671621,1675264
20,10000,4,http-matrix-3,12.184877,1671676,1671676,1675264
20,10000,5,http-matrix-3,10.213533,1671731,1671731,1675264
20,10000,6,http-matrix-3,8.405916,1671786,1671786,1675264
20,10000,7,http-matrix-3,10.758682,1671841,1671841,1675264
20,10000,8,http-matrix-3,10.042764,1671896,1671896,1675264
20,10000,9,http-matrix-3,8.521402,1671951,1671951,1675264
20,10000,10,http-matrix-3,10.050519,1672006,1672006,1675264
20,10000,11,http-matrix-3,9.245285,1672061,1672061,1675264
20,10000,12,http-matrix-3,9.379686,1672116,1672116,1675264
20,10000,13,http-matrix-3,8.56337,1672171,1672171,1675264
20,10000,14,http-matrix-3,9.625134,1672226,1672226,1675264
20,10000,15,http-matrix-3,8.92713,1672281,1672281,1675264
20,10000,16,http-matrix-3,8.682784,1672336,1672336,1675264
20,10000,17,http-matrix-3,9.324352,1672391,1672391,1675264
20,10000,18,http-matrix-3,8.417367,1672446,1672446,1675264
20,10000,19,http-matrix-3,10.797345,1672501,1672501,1675264
20,10000,20,http-matrix-3,10.50095,1672556,1672556,1675264
20,10000,21,http-matrix-3,8.69122,1672611,1672611,1675264
20,10000,22,http-matrix-3,10.970368,1672666,1672666,1675264
20,10000,23,http-matrix-3,9.36598,1672666,1672666,1675264
20,10000,24,http-matrix-3,8.553732,1672666,1672666,1675264
20,10000,25,http-matrix-3,10.8434,1672666,1672666,1675264
20,10000,26,http-matrix-3,10.073532,1672666,1672666,1675264
20,10000,27,http-matrix-3,8.554303,1672666,1672666,1675264
20,10000,28,http-matrix-3,9.315316,1672666,1672666,1675264
20,10000,29,http-matrix-3,8.908735,1672666,1672666,1675264
20,10000,30,http-matrix-3,8.54724,1672666,1672666,1675264
20,10000,31,http-matrix-3,9.034711,1672666,1672666,1675264
20,10000,32,http-matrix-3,8.460769,1672666,1672666,1675264
20,10000,33,http-matrix-3,9.760927,1672666,1672666,1675264
20,10000,34,http-matrix-3,8.985328,1672666,1672666,1675264
20,10000,35,http-matrix-3,8.374047,1672666,1672666,1675264
20,10000,36,http-matrix-3,8.800654,1672666,1672666,1675264
20,10000,37,http-matrix-3,8.40802,1672666,1672666,1675264
20,10000,38,http-matrix-3,11.134886,1672666,1672666,1675264
20,10000,39,http-matrix-3,9.227491,1672666,1672666,1675264
40,10000,0,http-matrix-3,11.860942,1740598,1740598,1740800
40,10000,1,http-matrix-3,11.354244,1743541,1743541,1744896
40,10000,2,http-matrix-3,8.845758,1743541,1743541,1744896
40,10000,3,http-matrix-3,12.742409,1743541,1743541,1744896
40,10000,4,http-matrix-3,10.672591,1743596,1743596,1744896
40,10000,5,http-matrix-3,10.71479,1743651,1743651,1744896
40,10000,6,http-matrix-3,9.225808,1743706,1743706,1744896
40,10000,7,http-matrix-3,11.441608,1743761,1743761,1744896
40,10000,8,http-matrix-3,10.226127,1743816,1743816,1744896
40,10000,9,http-matrix-3,9.38166,1743871,1743871,1744896
40,10000,10,http-matrix-3,9.996929,1743926,1743926,1744896
40,10000,11,http-matrix-3,9.209829,1743981,1743981,1744896
40,10000,12,http-matrix-3,11.30905,1744036,1744036,1744896
40,10000,13,http-matrix-3,10.141308,1744091,1744091,1744896
40,10000,14,http-matrix-3,8.892826,1744146,1744146,1744896
40,10000,15,http-matrix-3,9.729649,1744201,1744201,1744896
40,10000,16,http-matrix-3,8.972425,1744256,1744256,1744896
40,10000,17,http-matrix-3,12.422872,1744311,1744311,1744896
40,10000,18,http-matrix-3,10.82214,1744366,1744366,1744896
40,10000,19,http-matrix-3,8.968197,1744421,1744421,1744896
40,10000,20,http-matrix-3,9.458753,1744476,1744476,1744896
40,10000,21,http-matrix-3,9.364517,1744531,1744531,1744896
40,10000,22,http-matrix-3,11.08416,1744586,1744586,1744896
40,10000,23,http-matrix-3,8.90591,1744641,1744641,1744896
40,10000,24,http-matrix-3,10.267183,1744696,1744696,1744896
40,10000,25,http-matrix-3,9.492767,1744751,1744751,1744896
40,10000,26,http-matrix-3,8.899629,1744806,1744806,1744896
40,10000,27,http-matrix-3,9.564211,1744861,1744861,1744896
40,10000,28,http-matrix-3,8.949582,1744916,1744916,1748992
40,10000,29,http-matrix-3,12.291527,1744971,1744971,1748992
40,10000,30,http-matrix-3,10.617799,1745026,1745026,1748992
40,10000,31,http-matrix-3,8.9376,1745081,1745081,1748992
40,10000,32,http-matrix-3,9.749537,1745136,1745136,1748992
40,10000,33,http-matrix-3,9.026826,1745191,1745191,1748992
40,10000,34,http-matrix-3,10.681378,1745246,1745246,1748992
40,10000,35,http-matrix-3,9.489961,1745301,1745301,1748992
40,10000,36,http-matrix-3,9.075508,1745356,1745356,1748992
40,10000,37,http-matrix-3,10.196121,1745411,1745411,1748992
40,10000,38,http-matrix-3,9.585109,1745466,1745466,1748992
40,10000,39,http-matrix-3,10.31346,1745521,1745521,1748992
40,10000,40,http-matrix-3,9.277365,1745576,1745576,1748992
40,10000,41,http-matrix-3,9.124128,1745631,1745631,1748992
40,10000,42,http-matrix-3,10.948647,1745686,1745694,1748992
40,10000,43,http-matrix-3,9.625465,1745686,1745686,1748992
40,10000,44,http-matrix-3,9.150798,1745686,1745686,1748992
40,10000,45,http-matrix-3,10.907871,1745686,1745686,1748992
40,10000,46,http-matrix-3,9.377521,1745686,1745686,1748992
40,10000,47,http-matrix-3,8.981882,1745686,1745686,1748992
40,10000,48,http-matrix-3,9.807465,1745686,1745686,1748992
40,10000,49,http-matrix-3,8.983475,1745686,1745686,1748992
40,10000,50,http-matrix-3,11.109347,1745686,1745686,1748992
40,10000,51,http-matrix-3,10.183668,1745686,1745686,1748992
40,10000,52,http-matrix-3,8.707629,1745686,1745686,1748992
40,10000,53,http-matrix-3,10.201872,1745686,1745686,1748992
40,10000,54,http-matrix-3,10.967422,1745686,1745686,1748992
40,10000,55,http-matrix-3,8.959661,1745686,1745686,1748992
40,10000,56,http-matrix-3,10.583575,1745686,1745686,1748992
40,10000,57,http-matrix-3,9.245575,1745686,1745686,1748992
40,10000,58,http-matrix-3,12.299341,1745686,1745686,1748992
40,10000,59,http-matrix-3,9.466408,1745686,1745686,1748992
40,10000,60,http-matrix-3,9.626427,1745686,1745686,1748992
40,10000,61,http-matrix-3,11.322215,1745686,1745686,1748992
40,10000,62,http-matrix-3,8.872849,1745686,1745686,1748992
40,10000,63,http-matrix-3,11.329368,1745686,1745686,1748992
40,10000,64,http-matrix-3,10.244251,1745686,1745686,1748992
40,10000,65,http-matrix-3,9.417367,1745686,1745686,1748992
40,10000,66,http-matrix-3,9.331806,1745686,1745686,1748992
40,10000,67,http-matrix-3,9.819658,1745686,1745686,1748992
40,10000,68,http-matrix-3,9.389003,1745686,1745686,1748992
40,10000,69,http-matrix-3,10.991748,1745686,1745686,1748992
40,10000,70,http-matrix-3,11.492624,1745686,1745686,1748992
40,10000,71,http-matrix-3,9.557508,1745686,1745686,1748992
40,10000,72,http-matrix-3,10.030271,1745686,1745686,1748992
40,10000,73,http-matrix-3,10.826639,1745686,1745686,1748992
40,10000,74,http-matrix-3,10.014502,1745686,1745686,1748992
40,10000,75,http-matrix-3,10.080706,1745686,1745686,1748992
40,10000,76,http-matrix-3,10.699171,1745686,1745686,1748992
40,10000,77,http-matrix-3,8.885602,1745686,1745686,1748992
40,10000,78,http-matrix-3,12.622124,1745686,1745686,1748992
40,10000,79,http-matrix-3,10.873086,1745686,1745686,1748992
20,20000,0,http-matrix-3,18.27202,3280198,3280198,3280896
20,20000,1,http-matrix-3,17.041402,3281621,3281621,3284992
20,20000,2,http-matrix-3,18.270587,3281621,3281621,3284992
20,20000,3,http-matrix-3,17.159431,3281621,3281621,3284992
20,20000,4,http-matrix-3,16.81055,3281676,3281676,3284992
20,20000,5,http-matrix-3,18.365415,3281731,3281731,3284992
20,20000,6,http-matrix-3,17.259468,3281786,3281786,3284992
20,20000,7,http-matrix-3,17.001266,3281841,3281841,3284992
20,20000,8,http-matrix-3,20.604689,3281896,3281896,3284992
20,20000,9,http-matrix-3,17.616426,3281951,3281951,3284992
20,20000,10,http-matrix-3,16.426332,3282006,3282006,3284992
20,20000,11,http-matrix-3,18.561431,3282061,3282061,3284992
20,20000,12,http-matrix-3,17.300786,3282116,3282116,3284992
20,20000,13,http-matrix-3,16.67115,3282171,3282171,3284992
20,20000,14,http-matrix-3,18.56618,3282226,3282226,3284992
20,20000,15,http-matrix-3,19.693176,3282281,3282281,3284992
20,20000,16,http-matrix-3,16.887914,3282336,3282336,3284992
20,20000,17,http-matrix-3,19.712111,3282391,3282391,3284992
20,20000,18,http-matrix-3,19.455412,3282446,3282446,3284992
20,20000,19,http-matrix-3,16.633229,3282501,3282501,3284992
20,20000,20,http-matrix-3,20.720646,3282556,3282556,3284992
20,20000,21,http-matrix-3,19.409375,3282611,3282611,3284992
20,20000,22,http-matrix-3,16.817032,3282666,3282666,3284992
20,20000,23,http-matrix-3,20.683737,3282666,3282666,3284992
20,20000,24,http-matrix-3,19.383588,3282666,3282666,3284992
20,20000,25,http-matrix-3,16.398199,3282666,3282666,3284992
20,20000,26,http-matrix-3,20.608697,3282666,3282666,3284992
20,20000,27,http-matrix-3,19.412232,3282666,3282666,3284992
20,20000,28,http-matrix-3,16.791094,3282666,3282666,3284992
20,20000,29,http-matrix-3,20.699076,3282666,3282666,3284992
20,20000,30,http-matrix-3,17.090563,3282666,3282666,3284992
20,20000,31,http-matrix-3,16.614113,3282666,3282666,3284992
20,20000,32,http-matrix-3,18.29319,3282666,3282666,3284992
20,20000,33,http-matrix-3,17.583795,3282666,3282666,3284992
20,20000,34,http-matrix-3,16.394442,3282666,3282674,3284992
20,20000,35,http-matrix-3,19.24052,3282666,3282666,3284992
20,20000,36,http-matrix-3,17.764522,3282666,3282666,3284992
20,20000,37,http-matrix-3,17.3831,3282666,3282666,3284992
20,20000,38,http-matrix-3,18.409217,3282666,3282666,3284992
20,20000,39,http-matrix-3,19.53459,3282666,3282666,3284992
40,20000,0,http-matrix-3,17.752671,3350674,3350674,3354624
40,20000,1,http-matrix-3,17.551224,3353541,3353541,3354624
40,20000,2,http-matrix-3,21.702019,3353541,3353541,3354624
40,20000,3,http-matrix-3,17.734576,3353541,3353541,3354624
40,20000,4,http-matrix-3,17.173878,3353596,3353596,3354624
40,20000,5,http-matrix-3,18.890416,3353651,3353651,3354624
40,20000,6,http-matrix-3,17.612218,3353706,3353706,3354624
40,20000,7,http-matrix-3,17.003891,3353761,3353761,3354624
40,20000,8,http-matrix-3,18.420669,3353816,3353816,3354624
40,20000,9,http-matrix-3,17.700914,3353871,3353871,3354624
40,20000,10,http-matrix-3,17.952293,3353926,3353926,3354624
40,20000,11,http-matrix-3,19.090049,3353981,3353981,3354624
40,20000,12,http-matrix-3,20.332951,3354036,3354036,3354624
40,20000,13,http-matrix-3,18.138852,3354091,3354091,3354624
40,20000,14,http-matrix-3,18.964204,3354146,3354146,3354624
40,20000,15,http-matrix-3,18.398667,3354201,3354201,3354624
40,20000,16,http-matrix-3,17.090573,3354256,3354256,3354624
40,20000,17,http-matrix-3,18.117582,3354311,3354311,3354624
40,20000,18,http-matrix-3,17.777016,3354366,3354366,3354624
40,20000,19,http-matrix-3,17.093409,3354421,3354421,3354624
40,20000,20,http-matrix-3,18.861382,3354476,3354476,3354624
40,20000,21,http-matrix-3,17.615965,3354531,3354531,3354624
40,20000,22,http-matrix-3,17.181092,3354586,3354586,3354624
40,20000,23,http-matrix-3,18.941572,3354641,3354641,3358720
40,20000,24,http-matrix-3,17.434686,3354696,3354696,3358720
40,20000,25,http-matrix-3,17.49529,3354751,3354751,3358720
40,20000,26,http-matrix-3,18.858176,3354806,3354806,3358720
40,20000,27,http-matrix-3,18.059794,3354861,3354861,3358720
40,20000,28,http-matrix-3,17.153901,3354916,3354916,3358720
40,20000,29,http-matrix-3,19.174637,3354971,3354971,3358720
40,20000,30,http-matrix-3,18.478636,3355026,3355026,3358720
40,20000,31,http-matrix-3,18.285857,3355081,3355081,3358720
40,20000,32,http-matrix-3,17.011777,3355136,3355136,3358720
40,20000,33,http-matrix-3,18.786692,3355191,3355191,3358720
40,20000,34,http-matrix-3,20.402701,3355246,3355246,3358720
40,20000,35,http-matrix-3,16.853299,3355301,3355301,3358720
40,20000,36,http-matrix-3,20.776661,3355356,3355356,3358720
40,20000,37,http-matrix-3,20.007433,3355411,3355411,3358720
40,20000,38,http-matrix-3,17.358424,3355466,3355466,3358720
40,20000,39,http-matrix-3,21.188891,3355521,3355521,3358720
40,20000,40,http-matrix-3,18.792904,3355576,3355576,3358720
40,20000,41,http-matrix-3,17.77383,3355631,3355631,3358720
40,20000,42,http-matrix-3,18.641291,3355686,3355686,3358720
40,20000,43,http-matrix-3,17.817131,3355686,3355686,3358720
40,20000,44,http-matrix-3,17.321074,3355686,3355686,3358720
40,20000,45,http-matrix-3,18.897199,3355686,3355686,3358720
40,20000,46,http-matrix-3,17.707827,3355686,3355686,3358720
40,20000,47,http-matrix-3,17.475823,3355686,3355686,3358720
40,20000,48,http-matrix-3,18.729225,3355686,3355686,3358720
40,20000,49,http-matrix-3,17.494308,3355686,3355686,3358720
40,20000,50,http-matrix-3,17.943848,3355686,3355686,3358720
40,20000,51,http-matrix-3,16.687741,3355686,3355686,3358720
40,20000,52,http-matrix-3,18.623037,3355686,3355686,3358720
40,20000,53,http-matrix-3,18.271669,3355686,3355686,3358720
40,20000,54,http-matrix-3,16.886742,3355686,3355686,3358720
40,20000,55,http-matrix-3,18.658553,3355686,3355686,3358720
40,20000,56,http-matrix-3,18.68386,3355686,3355686,3358720
40,20000,57,http-matrix-3,16.911719,3355686,3355686,3358720
40,20000,58,http-matrix-3,20.875455,3355686,3355686,3358720
40,20000,59,http-matrix-3,24.187574,3355686,3355686,3358720
40,20000,60,http-matrix-3,20.558343,3355686,3355686,3358720
40,20000,61,http-matrix-3,29.668535,3355686,3355686,3358720
40,20000,62,http-matrix-3,29.812744,3355686,3355686,3358720
40,20000,63,http-matrix-3,29.680427,3355686,3355686,3358720
40,20000,64,http-matrix-3,20.613736,3355686,3355686,3358720
40,20000,65,http-matrix-3,29.507153,3355686,3355686,3358720
40,20000,66,http-matrix-3,29.898585,3355686,3355686,3358720
40,20000,67,http-matrix-3,20.365061,3355686,3355686,3358720
40,20000,68,http-matrix-3,29.682491,3355686,3355686,3358720
40,20000,69,http-matrix-3,29.711234,3355686,3355686,3358720
40,20000,70,http-matrix-3,21.070389,3355686,3355686,3358720
40,20000,71,http-matrix-3,29.121713,3355686,3355686,3358720
40,20000,72,http-matrix-3,29.739127,3355686,3355694,3358720
40,20000,73,http-matrix-3,20.850929,3355686,3355686,3358720
40,20000,74,http-matrix-3,29.465795,3355686,3355686,3358720
40,20000,75,http-matrix-3,29.712858,3355686,3355686,3358720
40,20000,76,http-matrix-3,20.495505,3355686,3355686,3358720
40,20000,77,http-matrix-3,31.477425,3355686,3355686,3358720
40,20000,78,http-matrix-3,26.843175,3355686,3355686,3358720
40,20000,79,http-matrix-3,20.376573,3355686,3355686,3358720
20,1000,0,http-matrix-3,1.232273,230157,230157,233472
20,1000,1,http-matrix-3,1.319425,231580,231580,233472
20,1000,2,http-matrix-3,1.875545,231580,231580,233472
20,1000,3,http-matrix-3,1.540839,231580,231580,233472
20,1000,4,http-matrix-3,1.22525,231635,231635,233472
20,1000,5,http-matrix-3,1.215281,231690,231690,233472
20,1000,6,http-matrix-3,1.228164,231745,231745,233472
20,1000,7,http-matrix-3,1.209099,231800,231800,233472
20,1000,8,http-matrix-3,1.494132,231855,231855,233472
20,1000,9,http-matrix-3,4.371919,231910,231910,233472
20,1000,10,http-matrix-3,1.874172,231965,231965,233472
20,1000,11,http-matrix-3,1.256558,232020,232020,233472
20,1000,12,http-matrix-3,1.264623,232075,232075,233472
20,1000,13,http-matrix-3,1.498991,232130,232130,233472
20,1000,14,http-matrix-3,1.226661,232185,232185,233472
20,1000,15,http-matrix-3,1.631909,232240,232240,233472
20,1000,16,http-matrix-3,1.276024,232295,232295,233472
20,1000,17,http-matrix-3,1.312021,232350,232350,233472
20,1000,18,http-matrix-3,1.255065,232405,232405,233472
20,1000,19,http-matrix-3,1.259484,232460,232460,233472
20,1000,20,http-matrix-3,1.404845,232515,232515,233472
20,1000,21,http-matrix-3,1.553413,232570,232570,233472
20,1000,22,http-matrix-3,1.291063,232625,232625,233472
20,1000,23,http-matrix-3,1.255325,232625,232625,233472
20,1000,24,http-matrix-3,1.240978,232625,232625,233472
20,1000,25,http-matrix-3,1.303034,232625,232625,233472
20,1000,26,http-matrix-3,1.231591,232625,232625,233472
20,1000,27,http-matrix-3,1.221282,232625,232625,233472
20,1000,28,http-matrix-3,1.742836,232625,232625,233472
20,1000,29,http-matrix-3,1.221322,232625,232625,233472
20,1000,30,http-matrix-3,1.257941,232625,232625,233472
20,1000,31,http-matrix-3,1.20985,232625,232625,233472
20,1000,32,http-matrix-3,1.200092,232625,232625,233472
20,1000,33,http-matrix-3,1.216623,232625,232625,233472
20,1000,34,http-matrix-3,1.507156,232625,232625,233472
20,1000,35,http-matrix-3,1.278519,232625,232625,233472
20,1000,36,http-matrix-3,1.22037,232625,232625,233472
20,1000,37,http-matrix-3,1.205563,232625,232625,233472
20,1000,38,http-matrix-3,1.221442,232625,232625,233472
20,1000,39,http-matrix-3,1.228836,232625,232625,233472
40,1000,0,http-matrix-3,1.527554,300517,300517,303104
40,1000,1,http-matrix-3,1.625497,303460,303460,307200
40,1000,2,http-matrix-3,2.196945,303460,303460,307200
40,1000,3,http-matrix-3,1.67512,303460,303460,307200
40,1000,4,http-matrix-3,1.566197,303515,303515,307200
40,1000,5,http-matrix-3,1.984368,303570,303570,307200
40,1000,6,http-matrix-3,1.545728,303625,303625,307200
40,1000,7,http-matrix-3,1.537914,303680,303680,307200
40,1000,8,http-matrix-3,1.650163,303735,303735,307200
40,1000,9,http-matrix-3,1.741183,303790,303790,307200
40,1000,10,http-matrix-3,1.496195,303845,303845,307200
40,1000,11,http-matrix-3,1.543164,303900,303900,307200
40,1000,12,http-matrix-3,1.563492,303955,303955,307200
40,1000,13,http-matrix-3,1.838215,304010,304010,307200
40,1000,14,http-matrix-3,1.54672,304065,304065,307200
40,1000,15,http-matrix-3,1.567198,304120,304120,307200
40,1000,16,http-matrix-3,2.226701,304175,304175,307200
40,1000,17,http-matrix-3,1.522224,304230,304230,307200
40,1000,18,http-matrix-3,1.524278,304285,304285,307200
40,1000,19,http-matrix-3,2.102268,304340,304340,307200
40,1000,20,http-matrix-3,1.537733,304395,304395,307200
40,1000,21,http-matrix-3,1.568802,304450,304450,307200
40,1000,22,http-matrix-3,1.581575,304505,304505,307200
40,1000,23,http-matrix-3,1.837353,304560,304560,307200
40,1000,24,http-matrix-3,1.497739,304615,304615,307200
40,1000,25,http-matrix-3,1.528346,304670,304670,307200
40,1000,26,http-matrix-3,1.552671,304725,304725,307200
40,1000,27,http-matrix-3,2.272005,304780,304780,307200
40,1000,28,http-matrix-3,1.560456,304835,304835,307200
40,1000,29,http-matrix-3,1.902746,304890,304890,307200
40,1000,30,http-matrix-3,1.880954,304945,304945,307200
40,1000,31,http-matrix-3,1.539887,305000,305000,307200
40,1000,32,http-matrix-3,2.461248,305055,305055,307200
40,1000,33,http-matrix-3,1.53607,305110,305110,307200
40,1000,34,http-matrix-3,1.571616,305165,305165,307200
40,1000,35,http-matrix-3,2.422968,305220,305220,307200
40,1000,36,http-matrix-3,1.5517,305275,305275,307200
40,1000,37,http-matrix-3,1.552711,305330,305330,307200
40,1000,38,http-matrix-3,1.543855,305385,305385,307200
40,1000,39,http-matrix-3,2.479974,305440,305440,307200
40,1000,40,http-matrix-3,1.561187,305495,305495,307200
40,1000,41,http-matrix-3,1.603175,305550,305550,307200
40,1000,42,http-matrix-3,5.885637,305605,305605,307200
40,1000,43,http-matrix-3,2.652025,305605,305605,307200
40,1000,44,http-matrix-3,1.617722,305605,305605,307200
40,1000,45,http-matrix-3,1.551569,305605,305605,307200
40,1000,46,http-matrix-3,3.834876,305605,305605,307200
40,1000,47,http-matrix-3,1.584019,305605,305605,307200
40,1000,48,http-matrix-3,1.551199,305605,305605,307200
40,1000,49,http-matrix-3,2.31748,305605,305605,307200
40,1000,50,http-matrix-3,4.652343,305605,305605,307200
40,1000,51,http-matrix-3,1.524669,305605,305605,307200
40,1000,52,http-matrix-3,1.559203,305605,305605,307200
40,1000,53,http-matrix-3,2.335614,305605,305605,307200
40,1000,54,http-matrix-3,4.189948,305605,305605,307200
40,1000,55,http-matrix-3,1.529818,305605,305605,307200
40,1000,56,http-matrix-3,2.384225,305605,305605,307200
40,1000,57,http-matrix-3,1.539146,305605,305605,307200
40,1000,58,http-matrix-3,4.419006,305605,305605,307200
40,1000,59,http-matrix-3,2.290159,305605,305605,307200
40,1000,60,http-matrix-3,1.596854,305605,305605,307200
40,1000,61,http-matrix-3,1.569312,305605,305605,307200
40,1000,62,http-matrix-3,4.40478,305605,305605,307200
40,1000,63,http-matrix-3,1.566337,305605,305605,307200
40,1000,64,http-matrix-3,2.390988,305605,305605,307200
40,1000,65,http-matrix-3,1.568501,305605,305605,307200
40,1000,66,http-matrix-3,4.245162,305605,305605,307200
40,1000,67,http-matrix-3,1.529998,305605,305605,307200
40,1000,68,http-matrix-3,2.353708,305605,305605,307200
40,1000,69,http-matrix-3,1.529337,305605,305605,307200
40,1000,70,http-matrix-3,4.49543,305605,305605,307200
40,1000,71,http-matrix-3,1.529558,305605,305605,307200
40,1000,72,http-matrix-3,2.3389,305605,305605,307200
40,1000,73,http-matrix-3,1.57888,305605,305605,307200
40,1000,74,http-matrix-3,1.526132,305605,305605,307200
40,1000,75,http-matrix-3,1.526512,305605,305605,307200
40,1000,76,http-matrix-3,2.40295,305605,305605,307200
40,1000,77,http-matrix-3,1.554775,305605,305605,307200
40,1000,78,http-matrix-3,1.736404,305605,305605,307200
40,1000,79,http-matrix-3,5.699921,305605,305605,307200
20,10000,0,http-matrix-3,11.48008,1670198,1670198,1671168
20,10000,1,http-matrix-3,10.248579,1671621,1671621,1675264
20,10000,2,http-matrix-3,10.243911,1671621,1671621,1675264
20,10000,3,http-matrix-3,8.521402,1671621,1671621,1675264
20,10000,4,http-matrix-3,12.194836,1671676,1671676,1675264
20,10000,5,http-matrix-3,10.044257,1671731,1671731,1675264
20,10000,6,http-matrix-3,8.420895,1671786,1671786,1675264
20,10000,7,http-matrix-3,10.793668,1671841,1671841,1675264
20,10000,8,http-matrix-3,10.245483,1671896,1671896,1675264
20,10000,9,http-matrix-3,8.351915,1671951,1671951,1675264
20,10000,10,http-matrix-3,10.942145,1672006,1672006,1675264
20,10000,11,http-matrix-3,13.218879,1672061,1672061,1675264
20,10000,12,http-matrix-3,9.969588,1672116,1672116,1675264
20,10000,13,http-matrix-3,10.23274,1672171,1672171,1675264
20,10000,14,http-matrix-3,19.407041,1672226,1672226,1675264
20,10000,15,http-matrix-3,10.820057,1672281,1672281,1675264
20,10000,16,http-matrix-3,11.095361,1672336,1672336,1675264
20,10000,17,http-matrix-3,18.005022,1672391,1672391,1675264
20,10000,18,http-matrix-3,10.169611,1672446,1672446,1675264
20,10000,19,http-matrix-3,10.508996,1672501,1672501,1675264
20,10000,20,http-matrix-3,19.293909,1672556,1672556,1675264
20,10000,21,http-matrix-3,10.685084,1672611,1672611,1675264
20,10000,22,http-matrix-3,10.408548,1672666,1672666,1675264
20,10000,23,http-matrix-3,18.900254,1672666,1672666,1675264
20,10000,24,http-matrix-3,10.237529,1672666,1672666,1675264
20,10000,25,http-matrix-3,10.123145,1672666,1672666,1675264
20,10000,26,http-matrix-3,19.505125,1672666,1672666,1675264
20,10000,27,http-matrix-3,10.224644,1672666,1672666,1675264
20,10000,28,http-matrix-3,10.878236,1672666,1672666,1675264
20,10000,29,http-matrix-3,18.706042,1672666,1672666,1675264
20,10000,30,http-matrix-3,10.268486,1672666,1672666,1675264
20,10000,31,http-matrix-3,10.251685,1672666,1672666,1675264
20,10000,32,http-matrix-3,19.304439,1672666,1672666,1675264
20,10000,33,http-matrix-3,10.226739,1672666,1672666,1675264
20,10000,34,http-matrix-3,10.295346,1672666,1672666,1675264
20,10000,35,http-matrix-3,19.391352,1672666,1672666,1675264
20,10000,36,http-matrix-3,10.61872,1672666,1672666,1675264
20,10000,37,http-matrix-3,10.009572,1672666,1672666,1675264
20,10000,38,http-matrix-3,19.52969,1672666,1672666,1675264
20,10000,39,http-matrix-3,9.995156,1672666,1672666,1675264
40,10000,0,http-matrix-3,11.54443,1740598,1740598,1740800
40,10000,1,http-matrix-3,11.11045,1743541,1743541,1744896
40,10000,2,http-matrix-3,8.831652,1743541,1743541,1744896
40,10000,3,http-matrix-3,10.792545,1743541,1743541,1744896
40,10000,4,http-matrix-3,9.010906,1743596,1743596,1744896
40,10000,5,http-matrix-3,11.101011,1743651,1743651,1744896
40,10000,6,http-matrix-3,9.958768,1743706,1743706,1744896
40,10000,7,http-matrix-3,9.223985,1743761,1743761,1744896
40,10000,8,http-matrix-3,11.070786,1743816,1743816,1744896
40,10000,9,http-matrix-3,8.990348,1743871,1743871,1744896
40,10000,10,http-matrix-3,12.530152,1743926,1743926,1744896
40,10000,11,http-matrix-3,8.88373,1743981,1743981,1744896
40,10000,12,http-matrix-3,11.398317,1744036,1744036,1744896
40,10000,13,http-matrix-3,9.257707,1744091,1744091,1744896
40,10000,14,http-matrix-3,14.804702,1744201,1744201,1744896
40,10000,15,http-matrix-3,11.192042,1744201,1744201,1744896
40,10000,16,http-matrix-3,18.569607,1744256,1744256,1744896
40,10000,17,http-matrix-3,17.007698,1744311,1744311,1744896
40,10000,18,http-matrix-3,10.561444,1744366,1744366,1744896
40,10000,19,http-matrix-3,12.388628,1744421,1744421,1744896
40,10000,20,http-matrix-3,11.13711,1744476,1744476,1744896
40,10000,21,http-matrix-3,18.51764,1744531,1744531,1744896
40,10000,22,http-matrix-3,10.967502,1744586,1744586,1744896
40,10000,23,http-matrix-3,9.744668,1744641,1744641,1744896
40,10000,24,http-matrix-3,19.306293,1744696,1744696,1744896
40,10000,25,http-matrix-3,11.077598,1744751,1744751,1744896
40,10000,26,http-matrix-3,9.362724,1744806,1744806,1744896
40,10000,27,http-matrix-3,29.855314,1744861,1744861,1744896
40,10000,28,http-matrix-3,19.702263,1744916,1744916,1748992
40,10000,29,http-matrix-3,9.062052,1744971,1744971,1748992
40,10000,30,http-matrix-3,12.6577,1745026,1745026,1748992
40,10000,31,http-matrix-3,9.985838,1745081,1745081,1748992
40,10000,32,http-matrix-3,9.248069,1745136,1745136,1748992
40,10000,33,http-matrix-3,10.105742,1745191,1745191,1748992
40,10000,34,http-matrix-3,18.428133,1745246,1745246,1748992
40,10000,35,http-matrix-3,10.537599,1745301,1745301,1748992
40,10000,36,http-matrix-3,20.968259,1745356,1745356,1748992
40,10000,37,http-matrix-3,11.097375,1745411,1745411,1748992
40,10000,38,http-matrix-3,11.739936,1745466,1745466,1748992
40,10000,39,http-matrix-3,15.401938,1745521,1745521,1748992
40,10000,40,http-matrix-3,15.260434,1745576,1745576,1748992
40,10000,41,http-matrix-3,11.816529,1745631,1745631,1748992
40,10000,42,http-matrix-3,17.846746,1745686,1745686,1748992
40,10000,43,http-matrix-3,10.350008,1745686,1745686,1748992
40,10000,44,http-matrix-3,10.921426,1745686,1745686,1748992
40,10000,45,http-matrix-3,18.699139,1745686,1745686,1748992
40,10000,46,http-matrix-3,10.319551,1745686,1745686,1748992
40,10000,47,http-matrix-3,19.429844,1745686,1745686,1748992
40,10000,48,http-matrix-3,10.250052,1745686,1745686,1748992
40,10000,49,http-matrix-3,11.141378,1745686,1745686,1748992
40,10000,50,http-matrix-3,18.520084,1745686,1745686,1748992
40,10000,51,http-matrix-3,13.438058,1745686,1745686,1748992
40,10000,52,http-matrix-3,18.067759,1745686,1745686,1748992
40,10000,53,http-matrix-3,10.573436,1745686,1745686,1748992
40,10000,54,http-matrix-3,13.397613,1745686,1745686,1748992
40,10000,55,http-matrix-3,18.801761,1745686,1745686,1748992
40,10000,56,http-matrix-3,11.171123,1745686,1745686,1748992
40,10000,57,http-matrix-3,14.077072,1745686,1745686,1748992
40,10000,58,http-matrix-3,10.375065,1745686,1745686,1748992
40,10000,59,http-matrix-3,10.284586,1745686,1745686,1748992
40,10000,60,http-matrix-3,19.375633,1745686,1745686,1748992
40,10000,61,http-matrix-3,10.358013,1745686,1745686,1748992
40,10000,62,http-matrix-3,10.138553,1745686,1745686,1748992
40,10000,63,http-matrix-3,19.535571,1745686,1745686,1748992
40,10000,64,http-matrix-3,17.961741,1745686,1745686,1748992
40,10000,65,http-matrix-3,12.553426,1745686,1745686,1748992
40,10000,66,http-matrix-3,9.658166,1745686,1745686,1748992
40,10000,67,http-matrix-3,12.462435,1745686,1745686,1748992
40,10000,68,http-matrix-3,17.190039,1745686,1745686,1748992
40,10000,69,http-matrix-3,10.267013,1745686,1745686,1748992
40,10000,70,http-matrix-3,19.492831,1745686,1745686,1748992
40,10000,71,http-matrix-3,10.699381,1745686,1745686,1748992
40,10000,72,http-matrix-3,9.825038,1745686,1745686,1748992
40,10000,73,http-matrix-3,19.2084,1745686,1745686,1748992
40,10000,74,http-matrix-3,10.37221,1745686,1745686,1748992
40,10000,75,http-matrix-3,19.352239,1745686,1745686,1748992
40,10000,76,http-matrix-3,11.285447,1745686,1745686,1748992
40,10000,77,http-matrix-3,12.717252,1745686,1745686,1748992
40,10000,78,http-matrix-3,16.100263,1745686,1745686,1748992
40,10000,79,http-matrix-3,17.291308,1745686,1745686,1748992
20,20000,0,http-matrix-3,18.354575,3280198,3280198,3280896
20,20000,1,http-matrix-3,18.793074,3281621,3281621,3284992
20,20000,2,http-matrix-3,16.871404,3281621,3281621,3284992
20,20000,3,http-matrix-3,20.810424,3281621,3281621,3284992
20,20000,4,http-matrix-3,17.358163,3281676,3281676,3284992
20,20000,5,http-matrix-3,17.752169,3281731,3281731,3284992
20,20000,6,http-matrix-3,21.897034,3281786,3281786,3284992
20,20000,7,http-matrix-3,20.493802,3281841,3281841,3284992
20,20000,8,http-matrix-3,17.302579,3281896,3281896,3284992
20,20000,9,http-matrix-3,21.117357,3281951,3281951,3284992
20,20000,10,http-matrix-3,19.607656,3282006,3282006,3284992
20,20000,11,http-matrix-3,17.589525,3282061,3282061,3284992
20,20000,12,http-matrix-3,20.927332,3282116,3282116,3284992
20,20000,13,http-matrix-3,19.660064,3282171,3282171,3284992
20,20000,14,http-matrix-3,19.00505,3282226,3282226,3284992
20,20000,15,http-matrix-3,29.53227,3282281,3282281,3284992
20,20000,16,http-matrix-3,20.467712,3282336,3282336,3284992
20,20000,17,http-matrix-3,29.572905,3282391,3282391,3284992
20,20000,18,http-matrix-3,20.935537,3282446,3282446,3284992
20,20000,19,http-matrix-3,29.421883,3282501,3282501,3284992
20,20000,20,http-matrix-3,29.477167,3282556,3282556,3284992
20,20000,21,http-matrix-3,20.679528,3282611,3282611,3284992
20,20000,22,http-matrix-3,29.29145,3282666,3282666,3284992
20,20000,23,http-matrix-3,29.748664,3282666,3282666,3284992
20,20000,24,http-matrix-3,20.811155,3282666,3282666,3284992
20,20000,25,http-matrix-3,29.811261,3282666,3282666,3284992
20,20000,26,http-matrix-3,20.10177,3282666,3282666,3284992
20,20000,27,http-matrix-3,29.36647,3282666,3282666,3284992
20,20000,28,http-matrix-3,29.702478,3282666,3282666,3284992
20,20000,29,http-matrix-3,20.637741,3282666,3282666,3284992
20,20000,30,http-matrix-3,29.440279,3282666,3282666,3284992
20,20000,31,http-matrix-3,20.68544,3282666,3282666,3284992
20,20000,32,http-matrix-3,29.506562,3282666,3282666,3284992
20,20000,33,http-matrix-3,29.495431,3282666,3282666,3284992
20,20000,34,http-matrix-3,20.660213,3282666,3282666,3284992
20,20000,35,http-matrix-3,30.242537,3282666,3282666,3284992
20,20000,36,http-matrix-3,20.809773,3282666,3282666,3284992
20,20000,37,http-matrix-3,28.59028,3282666,3282666,3284992
20,20000,38,http-matrix-3,29.628029,3282666,3282666,3284992
20,20000,39,http-matrix-3,20.468555,3282666,3282666,3284992
40,20000,0,http-matrix-3,20.941248,3350598,3350598,3354624
40,20000,1,http-matrix-3,21.24208,3353541,3353541,3354624
40,20000,2,http-matrix-3,16.971541,3353541,3353541,3354624
40,20000,3,http-matrix-3,23.80027,3353541,3353541,3354624
40,20000,4,http-matrix-3,19.880987,3353596,3353596,3354624
40,20000,5,http-matrix-3,17.609773,3353651,3353651,3354624
40,20000,6,http-matrix-3,21.404523,3353706,3353706,3354624
40,20000,7,http-matrix-3,19.776752,3353761,3353761,3354624
40,20000,8,http-matrix-3,24.059144,3353816,3353816,3354624
40,20000,9,http-matrix-3,26.883491,3353871,3353871,3354624
40,20000,10,http-matrix-3,23.007419,3353926,3353926,3354624
40,20000,11,http-matrix-3,25.896366,3353981,3353981,3354624
40,20000,12,http-matrix-3,20.580875,3354036,3354036,3354624
40,20000,13,http-matrix-3,19.63124,3354091,3354091,3354624
40,20000,14,http-matrix-3,18.286698,3354146,3354146,3354624
40,20000,15,http-matrix-3,18.263224,3354201,3354201,3354624
40,20000,16,http-matrix-3,21.966443,3354256,3354256,3354624
40,20000,17,http-matrix-3,20.569363,3354311,3354311,3354624
40,20000,18,http-matrix-3,29.588675,3354366,3354366,3354624
40,20000,19,http-matrix-3,29.756278,3354421,3354421,3354624
40,20000,20,http-matrix-3,20.628263,3354476,3354476,3354624
40,20000,21,http-matrix-3,30.304002,3354531,3354531,3354624
40,20000,22,http-matrix-3,28.841359,3354586,3354586,3354624
40,20000,23,http-matrix-3,20.43383,3354641,3354641,3358720
40,20000,24,http-matrix-3,29.956813,3354696,3354696,3358720
40,20000,25,http-matrix-3,29.491614,3354751,3354751,3358720
40,20000,26,http-matrix-3,21.623813,3354806,3354806,3358720
40,20000,27,http-matrix-3,28.642758,3354861,3354861,3358720
40,20000,28,http-matrix-3,29.651543,3354916,3354916,3358720
40,20000,29,http-matrix-3,20.612985,3354971,3354971,3358720
40,20000,30,http-matrix-3,29.574329,3355026,3355026,3358720
40,20000,31,http-matrix-3,29.741591,3355081,3355081,3358720
40,20000,32,http-matrix-3,20.581977,3355136,3355136,3358720
40,20000,33,http-matrix-3,29.581612,3355191,3355191,3358720
40,20000,34,http-matrix-3,29.785473,3355246,3355246,3358720
40,20000,35,http-matrix-3,20.291534,3355301,3355301,3358720
40,20000,36,http-matrix-3,30.328317,3355356,3355356,3358720
40,20000,37,http-matrix-3,29.076328,3355411,3355411,3358720
40,20000,38,http-matrix-3,21.093152,3355466,3355466,3358720
40,20000,39,http-matrix-3,29.154424,3355521,3355521,3358720
40,20000,40,http-matrix-3,29.653206,3355576,3355576,3358720
40,20000,41,http-matrix-3,29.782277,3355631,3355631,3358720
40,20000,42,http-matrix-3,20.343982,3355686,3355686,3358720
40,20000,43,http-matrix-3,29.849091,3355686,3355686,3358720
40,20000,44,http-matrix-3,29.625304,3355686,3355686,3358720
40,20000,45,http-matrix-3,21.847912,3355686,3355694,3358720
40,20000,46,http-matrix-3,57.819443,3355686,3355686,3358720
40,20000,47,http-matrix-3,17.453992,3355686,3355686,3358720
40,20000,48,http-matrix-3,18.885617,3355686,3355686,3358720
40,20000,49,http-matrix-3,18.377438,3355686,3355686,3358720
40,20000,50,http-matrix-3,25.432571,3355686,3355686,3358720
40,20000,51,http-matrix-3,20.685119,3355686,3355686,3358720
40,20000,52,http-matrix-3,29.715092,3355686,3355686,3358720
40,20000,53,http-matrix-3,29.525357,3355686,3355686,3358720
40,20000,54,http-matrix-3,20.438288,3355686,3355686,3358720
40,20000,55,http-matrix-3,29.954339,3355686,3355686,3358720
40,20000,56,http-matrix-3,29.84287,3355686,3355686,3358720
40,20000,57,http-matrix-3,20.126466,3355686,3355686,3358720
40,20000,58,http-matrix-3,29.661741,3355686,3355686,3358720
40,20000,59,http-matrix-3,30.050749,3355686,3355686,3358720
40,20000,60,http-matrix-3,20.117599,3355686,3355686,3358720
40,20000,61,http-matrix-3,29.793558,3355686,3355686,3358720
40,20000,62,http-matrix-3,29.67679,3355686,3355686,3358720
40,20000,63,http-matrix-3,20.755121,3355686,3355686,3358720
40,20000,64,http-matrix-3,30.127091,3355686,3355686,3358720
40,20000,65,http-matrix-3,28.980921,3355686,3355686,3358720
40,20000,66,http-matrix-3,20.770589,3355686,3355686,3358720
40,20000,67,http-matrix-3,29.507394,3355686,3355686,3358720
40,20000,68,http-matrix-3,29.695715,3355686,3355686,3358720
40,20000,69,http-matrix-3,20.845349,3355686,3355686,3358720
40,20000,70,http-matrix-3,29.484611,3355686,3355686,3358720
40,20000,71,http-matrix-3,29.530467,3355686,3355686,3358720
40,20000,72,http-matrix-3,20.555157,3355686,3355686,3358720
40,20000,73,http-matrix-3,29.719209,3355686,3355686,3358720
40,20000,74,http-matrix-3,30.031563,3355686,3355686,3358720
40,20000,75,http-matrix-3,23.511169,3355686,3355686,3358720
40,20000,76,http-matrix-3,26.368398,3355686,3355686,3358720
40,20000,77,http-matrix-3,29.665819,3355686,3355686,3358720
40,20000,78,http-matrix-3,20.352017,3355686,3355686,3358720
40,20000,79,http-matrix-3,29.767209,3355686,3355686,3358720
20,1000,0,http-matrix-3,1.227794,230157,230157,233472
20,1000,1,http-matrix-3,1.366614,231580,231580,233472
20,1000,2,http-matrix-3,1.289971,231580,231580,233472
20,1000,3,http-matrix-3,1.233485,231580,231580,233472
20,1000,4,http-matrix-3,1.23095,231635,231635,233472
20,1000,5,http-matrix-3,1.262068,231690,231690,233472
20,1000,6,http-matrix-3,1.326438,231745,231745,233472
20,1000,7,http-matrix-3,1.315909,231800,231800,233472
20,1000,8,http-matrix-3,1.350263,231855,231855,233472
20,1000,9,http-matrix-3,1.335035,231910,231910,233472
20,1000,10,http-matrix-3,1.323422,231965,231965,233472
20,1000,11,http-matrix-3,1.309476,232020,232020,233472
20,1000,12,http-matrix-3,1.980981,232075,232075,233472
20,1000,13,http-matrix-3,1.260956,232130,232130,233472
20,1000,14,http-matrix-3,1.225139,232185,232185,233472
20,1000,15,http-matrix-3,1.286454,232240,232240,233472
20,1000,16,http-matrix-3,1.470127,232295,232295,233472
20,1000,17,http-matrix-3,1.237342,232350,232350,233472
20,1000,18,http-matrix-3,1.716678,232405,232405,233472
20,1000,19,http-matrix-3,1.226562,232460,232460,233472
20,1000,20,http-matrix-3,1.283628,232515,232515,233472
20,1000,21,http-matrix-3,1.238795,232570,232570,233472
20,1000,22,http-matrix-3,1.218006,232625,232625,233472
20,1000,23,http-matrix-3,1.936057,232625,232625,233472
20,1000,24,http-matrix-3,1.238184,232625,232625,233472
20,1000,25,http-matrix-3,1.249034,232625,232625,233472
20,1000,26,http-matrix-3,1.286644,232625,232625,233472
20,1000,27,http-matrix-3,1.235939,232625,232625,233472
20,1000,28,http-matrix-3,1.225619,232625,232625,233472
20,1000,29,http-matrix-3,1.581505,232625,232625,233472
20,1000,30,http-matrix-3,1.276715,232625,232625,233472
20,1000,31,http-matrix-3,1.226361,232625,232625,233472
20,1000,32,http-matrix-3,1.214379,232625,232625,233472
20,1000,33,http-matrix-3,1.227794,232625,232625,233472
20,1000,34,http-matrix-3,1.228605,232625,232625,233472
20,1000,35,http-matrix-3,1.208077,232625,232625,233472
20,1000,36,http-matrix-3,1.705116,232625,232625,233472
20,1000,37,http-matrix-3,1.234887,232625,232625,233472
20,1000,38,http-matrix-3,1.224148,232625,232625,233472
20,1000,39,http-matrix-3,1.229537,232625,232625,233472
40,1000,0,http-matrix-3,2.275912,300517,300517,303104
40,1000,1,http-matrix-3,1.672736,303460,303460,307200
40,1000,2,http-matrix-3,2.16769,303460,303460,307200
40,1000,3,http-matrix-3,1.549094,303460,303460,307200
40,1000,4,http-matrix-3,1.856218,303515,303515,307200
40,1000,5,http-matrix-3,1.549535,303570,303570,307200
40,1000,6,http-matrix-3,1.587887,303625,303625,307200
40,1000,7,http-matrix-3,1.885763,303680,303680,307200
40,1000,8,http-matrix-3,1.513017,303735,303735,307200
40,1000,9,http-matrix-3,1.517605,303790,303790,307200
40,1000,10,http-matrix-3,1.757193,303845,303845,307200
40,1000,11,http-matrix-3,1.559674,303900,303900,307200
40,1000,12,http-matrix-3,1.554946,303955,303955,307200
40,1000,13,http-matrix-3,1.52504,304010,304010,307200
40,1000,14,http-matrix-3,2.229536,304065,304065,307200
40,1000,15,http-matrix-3,1.517304,304120,304120,307200
40,1000,16,http-matrix-3,1.987213,304175,304175,307200
40,1000,17,http-matrix-3,1.551109,304230,304230,307200
40,1000,18,http-matrix-3,1.530038,304285,304285,307200
40,1000,19,http-matrix-3,1.627991,304340,304340,307200
40,1000,20,http-matrix-3,1.554404,304395,304395,307200
40,1000,21,http-matrix-3,1.842473,304450,304450,307200
40,1000,22,http-matrix-3,1.560216,304505,304505,307200
40,1000,23,http-matrix-3,1.636077,304560,304560,307200
40,1000,24,http-matrix-3,1.892957,304615,304615,307200
40,1000,25,http-matrix-3,1.534787,304670,304670,307200
40,1000,26,http-matrix-3,1.8574,304725,304725,307200
40,1000,27,http-matrix-3,1.521924,304780,304780,307200
40,1000,28,http-matrix-3,1.533275,304835,304835,307200
40,1000,29,http-matrix-3,1.510793,304890,304890,307200
40,1000,30,http-matrix-3,2.061512,304945,304945,307200
40,1000,31,http-matrix-3,1.559304,305000,305000,307200
40,1000,32,http-matrix-3,1.53606,305055,305055,307200
40,1000,33,http-matrix-3,2.063586,305110,305110,307200
40,1000,34,http-matrix-3,1.647268,305165,305165,307200
40,1000,35,http-matrix-3,1.769706,305220,305220,307200
40,1000,36,http-matrix-3,1.558432,305275,305275,307200
40,1000,37,http-matrix-3,1.513297,305330,305330,307200
40,1000,38,http-matrix-3,2.517594,305385,305385,307200
40,1000,39,http-matrix-3,1.60549,305440,305440,307200
40,1000,40,http-matrix-3,1.523396,305495,305495,307200
40,1000,41,http-matrix-3,1.891975,305550,305550,307200
40,1000,42,http-matrix-3,1.614757,305605,305605,307200
40,1000,43,http-matrix-3,7.591525,305605,305605,307200
40,1000,44,http-matrix-3,1.59483,305605,305605,307200
40,1000,45,http-matrix-3,2.027118,305605,305605,307200
40,1000,46,http-matrix-3,1.574181,305605,305605,307200
40,1000,47,http-matrix-3,1.967275,305605,305605,307200
40,1000,48,http-matrix-3,1.525911,305605,305605,307200
40,1000,49,http-matrix-3,1.544165,305605,305605,307200
40,1000,50,http-matrix-3,1.886185,305605,305605,307200
40,1000,51,http-matrix-3,7.608035,305605,305605,307200
40,1000,52,http-matrix-3,1.558382,305605,305605,307200
40,1000,53,http-matrix-3,1.639624,305605,305605,307200
40,1000,54,http-matrix-3,2.222934,305605,305605,307200
40,1000,55,http-matrix-3,1.548503,305605,305605,307200
40,1000,56,http-matrix-3,1.530259,305605,305605,307200
40,1000,57,http-matrix-3,2.085206,305605,305605,307200
40,1000,58,http-matrix-3,1.61601,305605,305605,307200
40,1000,59,http-matrix-3,7.506355,305605,305605,307200
40,1000,60,http-matrix-3,1.868732,305605,305605,307200
40,1000,61,http-matrix-3,1.550678,305605,305605,307200
40,1000,62,http-matrix-3,1.537853,305605,305605,307200
40,1000,63,http-matrix-3,1.849516,305605,305605,307200
40,1000,64,http-matrix-3,2.154054,305605,305605,307200
40,1000,65,http-matrix-3,1.537583,305605,305605,307200
40,1000,66,http-matrix-3,1.55208,305605,305605,307200
40,1000,67,http-matrix-3,7.798551,305605,305605,307200
40,1000,68,http-matrix-3,1.520902,305605,305605,307200
40,1000,69,http-matrix-3,1.54097,305605,305605,307200
40,1000,70,http-matrix-3,1.775688,305605,305605,307200
40,1000,71,http-matrix-3,1.693284,305605,305605,307200
40,1000,72,http-matrix-3,1.895592,305605,305605,307200
40,1000,73,http-matrix-3,1.532363,305605,305605,307200
40,1000,74,http-matrix-3,1.570674,305605,305605,307200
40,1000,75,http-matrix-3,2.284939,305605,305605,307200
40,1000,76,http-matrix-3,5.966258,305605,305605,307200
40,1000,77,http-matrix-3,1.552621,305605,305605,307200
40,1000,78,http-matrix-3,2.255945,305605,305605,307200
40,1000,79,http-matrix-3,1.558903,305605,305605,307200
20,10000,0,http-matrix-3,11.376517,1670198,1670198,1671168
20,10000,1,http-matrix-3,10.657063,1671621,1671621,1675264
20,10000,2,http-matrix-3,9.939181,1671676,1671676,1675264
20,10000,3,http-matrix-3,9.849323,1671676,1671676,1675264
20,10000,4,http-matrix-3,10.384272,1671676,1671676,1675264
20,10000,5,http-matrix-3,9.072702,1671731,1671731,1675264
20,10000,6,http-matrix-3,9.443856,1671786,1671786,1675264
20,10000,7,http-matrix-3,8.99655,1671841,1671841,1675264
20,10000,8,http-matrix-3,8.448656,1671896,1671896,1675264
20,10000,9,http-matrix-3,11.274847,1671951,1671951,1675264
20,10000,10,http-matrix-3,10.242648,1672006,1672006,1675264
20,10000,11,http-matrix-3,10.288103,1672061,1672061,1675264
20,10000,12,http-matrix-3,19.366245,1672116,1672116,1675264
20,10000,13,http-matrix-3,12.952982,1672171,1672171,1675264
20,10000,14,http-matrix-3,10.504026,1672226,1672226,1675264
20,10000,15,http-matrix-3,16.465255,1672281,1672281,1675264
20,10000,16,http-matrix-3,10.206871,1672336,1672336,1675264
20,10000,17,http-matrix-3,10.244321,1672391,1672391,1675264
20,10000,18,http-matrix-3,19.380822,1672446,1672446,1675264
20,10000,19,http-matrix-3,10.183027,1672501,1672501,1675264
20,10000,20,http-matrix-3,10.386136,1672556,1672556,1675264
20,10000,21,http-matrix-3,19.592468,1672611,1672611,1675264
20,10000,22,http-matrix-3,9.941005,1672666,1672666,1675264
20,10000,23,http-matrix-3,10.422995,1672666,1672666,1675264
20,10000,24,http-matrix-3,19.247012,1672666,1672666,1675264
20,10000,25,http-matrix-3,10.268727,1672666,1672666,1675264
20,10000,26,http-matrix-3,11.017816,1672666,1672666,1675264
20,10000,27,http-matrix-3,18.626473,1672666,1672666,1675264
20,10000,28,http-matrix-3,10.27558,1672666,1672666,1675264
20,10000,29,http-matrix-3,10.269828,1672666,1672666,1675264
20,10000,30,http-matrix-3,19.399778,1672666,1672666,1675264
20,10000,31,http-matrix-3,10.107546,1672666,1672666,1675264
20,10000,32,http-matrix-3,10.324741,1672666,1672666,1675264
20,10000,33,http-matrix-3,19.400459,1672666,1672666,1675264
20,10000,34,http-matrix-3,10.124076,1672666,1672666,1675264
20,10000,35,http-matrix-3,10.355779,1672666,1672666,1675264
20,10000,36,http-matrix-3,19.356658,1672666,1672666,1675264
20,10000,37,http-matrix-3,11.174229,1672666,1672666,1675264
20,10000,38,http-matrix-3,9.49462,1672666,1672666,1675264
20,10000,39,http-matrix-3,19.294862,1672666,1672666,1675264
40,10000,0,http-matrix-3,12.644506,1740598,1740598,1740800
40,10000,1,http-matrix-3,11.202541,1743541,1743541,1744896
40,10000,2,http-matrix-3,10.642516,1743541,1743541,1744896
40,10000,3,http-matrix-3,8.908855,1743541,1743541,1744896
40,10000,4,http-matrix-3,12.743391,1743596,1743596,1744896
40,10000,5,http-matrix-3,10.544783,1743651,1743651,1744896
40,10000,6,http-matrix-3,8.699104,1743706,1743706,1744896
40,10000,7,http-matrix-3,11.478737,1743761,1743761,1744896
40,10000,8,http-matrix-3,8.761811,1743816,1743816,1744896
40,10000,9,http-matrix-3,12.429314,1743871,1743871,1744896
40,10000,10,http-matrix-3,9.489872,1743926,1743926,1744896
40,10000,11,http-matrix-3,8.965281,1743981,1743981,1744896
40,10000,12,http-matrix-3,9.56387,1744036,1744036,1744896
40,10000,13,http-matrix-3,8.839136,1744091,1744091,1744896
40,10000,14,http-matrix-3,10.26511,1744146,1744146,1744896
40,10000,15,http-matrix-3,14.607905,1744201,1744201,1744896
40,10000,16,http-matrix-3,10.551856,1744256,1744256,1744896
40,10000,17,http-matrix-3,19.276377,1744311,1744311,1744896
40,10000,18,http-matrix-3,10.393069,1744366,1744366,1744896
40,10000,19,http-matrix-3,19.289882,1744421,1744421,1744896
40,10000,20,http-matrix-3,10.799498,1744476,1744476,1744896
40,10000,21,http-matrix-3,9.823796,1744531,1744531,1744896
40,10000,22,http-matrix-3,19.422931,1744586,1744586,1744896
40,10000,23,http-matrix-3,10.647114,1744641,1744641,1744896
40,10000,24,http-matrix-3,10.175152,1744696,1744696,1744896
40,10000,25,http-matrix-3,19.124163,1744751,1744751,1744896
40,10000,26,http-matrix-3,10.539081,1744806,1744806,1744896
40,10000,27,http-matrix-3,19.27812,1744861,1744861,1744896
40,10000,28,http-matrix-3,10.467969,1744916,1744916,1748992
40,10000,29,http-matrix-3,11.095401,1744971,1744979,1748992
40,10000,30,http-matrix-3,18.43772,1745026,1745026,1748992
40,10000,31,http-matrix-3,10.323409,1745081,1745081,1748992
40,10000,32,http-matrix-3,19.42263,1745136,1745136,1748992
40,10000,33,http-matrix-3,10.214034,1745191,1745191,1748992
40,10000,34,http-matrix-3,10.779882,1745246,1745246,1748992
40,10000,35,http-matrix-3,19.146375,1745301,1745301,1748992
40,10000,36,http-matrix-3,10.086676,1745356,1745356,1748992
40,10000,37,http-matrix-3,19.579825,1745411,1745411,1748992
40,10000,38,http-matrix-3,10.143623,1745466,1745466,1748992
40,10000,39,http-matrix-3,11.28717,1745521,1745521,1748992
40,10000,40,http-matrix-3,18.526156,1745576,1745576,1748992
40,10000,41,http-matrix-3,11.368601,1745631,1745631,1748992
40,10000,42,http-matrix-3,11.000184,1745686,1745686,1748992
40,10000,43,http-matrix-3,17.61904,1745686,1745686,1748992
40,10000,44,http-matrix-3,10.714179,1745686,1745686,1748992
40,10000,45,http-matrix-3,19.098495,1745686,1745686,1748992
40,10000,46,http-matrix-3,11.509315,1745686,1745686,1748992
40,10000,47,http-matrix-3,10.817442,1745686,1745686,1748992
40,10000,48,http-matrix-3,17.837097,1745686,1745686,1748992
40,10000,49,http-matrix-3,11.492494,1745686,1745686,1748992
40,10000,50,http-matrix-3,18.087235,1745686,1745686,1748992
40,10000,51,http-matrix-3,10.423876,1745686,1745686,1748992
40,10000,52,http-matrix-3,10.184739,1745686,1745686,1748992
40,10000,53,http-matrix-3,19.553855,1745686,1745686,1748992
40,10000,54,http-matrix-3,11.899293,1745686,1745686,1748992
40,10000,55,http-matrix-3,17.743814,1745686,1745686,1748992
40,10000,56,http-matrix-3,11.205077,1745686,1745686,1748992
40,10000,57,http-matrix-3,10.660278,1745686,1745686,1748992
40,10000,58,http-matrix-3,18.121379,1745686,1745686,1748992
40,10000,59,http-matrix-3,11.446177,1745686,1745686,1748992
40,10000,60,http-matrix-3,18.299582,1745686,1745686,1748992
40,10000,61,http-matrix-3,11.168588,1745686,1745686,1748992
40,10000,62,http-matrix-3,10.588053,1745686,1745686,1748992
40,10000,63,http-matrix-3,18.166875,1745686,1745686,1748992
40,10000,64,http-matrix-3,10.41478,1745686,1745686,1748992
40,10000,65,http-matrix-3,19.391943,1745686,1745686,1748992
40,10000,66,http-matrix-3,10.304473,1745686,1745686,1748992
40,10000,67,http-matrix-3,11.036541,1745686,1745686,1748992
40,10000,68,http-matrix-3,18.703186,1745686,1745686,1748992
40,10000,69,http-matrix-3,10.180692,1745686,1745686,1748992
40,10000,70,http-matrix-3,19.518219,1745686,1745686,1748992
40,10000,71,http-matrix-3,10.454183,1745686,1745686,1748992
40,10000,72,http-matrix-3,10.514947,1745686,1745686,1748992
40,10000,73,http-matrix-3,19.251181,1745686,1745686,1748992
40,10000,74,http-matrix-3,10.413547,1745686,1745686,1748992
40,10000,75,http-matrix-3,10.490502,1745686,1745686,1748992
40,10000,76,http-matrix-3,18.950168,1745686,1745686,1748992
40,10000,77,http-matrix-3,10.31342,1745686,1745686,1748992
40,10000,78,http-matrix-3,19.365343,1745686,1745686,1748992
40,10000,79,http-matrix-3,10.974456,1745686,1745686,1748992
20,20000,0,http-matrix-3,19.527627,3280198,3280198,3280896
20,20000,1,http-matrix-3,18.010372,3281621,3281621,3284992
20,20000,2,http-matrix-3,16.94411,3281621,3281621,3284992
20,20000,3,http-matrix-3,18.385062,3281621,3281621,3284992
20,20000,4,http-matrix-3,17.424668,3281676,3281676,3284992
20,20000,5,http-matrix-3,16.844544,3281731,3281731,3284992
20,20000,6,http-matrix-3,21.082802,3281786,3281786,3284992
20,20000,7,http-matrix-3,17.47421,3281841,3281841,3284992
20,20000,8,http-matrix-3,17.030601,3281896,3281896,3284992
20,20000,9,http-matrix-3,22.001839,3281951,3281951,3284992
20,20000,10,http-matrix-3,20.599169,3282006,3282006,3284992
20,20000,11,http-matrix-3,29.486304,3282061,3282061,3284992
20,20000,12,http-matrix-3,29.638087,3282116,3282116,3284992
20,20000,13,http-matrix-3,20.349983,3282171,3282171,3284992
20,20000,14,http-matrix-3,29.865322,3282226,3282226,3284992
20,20000,15,http-matrix-3,29.39314,3282281,3282281,3284992
20,20000,16,http-matrix-3,20.590142,3282336,3282336,3284992
20,20000,17,http-matrix-3,29.779682,3282391,3282391,3284992
20,20000,18,http-matrix-3,29.858449,3282446,3282446,3284992
20,20000,19,http-matrix-3,20.382895,3282501,3282501,3284992
20,20000,20,http-matrix-3,29.271603,3282556,3282556,3284992
20,20000,21,http-matrix-3,20.411047,3282611,3282611,3284992
20,20000,22,http-matrix-3,29.827111,3282666,3282666,3284992
20,20000,23,http-matrix-3,20.303886,3282666,3282666,3284992
20,20000,24,http-matrix-3,29.791805,3282666,3282666,3284992
20,20000,25,http-matrix-3,29.540074,3282666,3282666,3284992
20,20000,26,http-matrix-3,20.45535,3282666,3282666,3284992
20,20000,27,http-matrix-3,29.71428,3282666,3282666,3284992
20,20000,28,http-matrix-3,20.387653,3282666,3282666,3284992
20,20000,29,http-matrix-3,29.713148,3282666,3282666,3284992
20,20000,30,http-matrix-3,29.541006,3282666,3282666,3284992
20,20000,31,http-matrix-3,20.679679,3282666,3282666,3284992
20,20000,32,http-matrix-3,29.480924,3282666,3282666,3284992
20,20000,33,http-matrix-3,29.497905,3282666,3282666,3284992
20,20000,34,http-matrix-3,20.575144,3282666,3282666,3284992
20,20000,35,http-matrix-3,29.758913,3282666,3282666,3284992
20,20000,36,http-matrix-3,20.529629,3282666,3282666,3284992
20,20000,37,http-matrix-3,29.566094,3282666,3282666,3284992
20,20000,38,http-matrix-3,29.473981,3282666,3282666,3284992
20,20000,39,http-matrix-3,20.566758,3282666,3282666,3284992
40,20000,0,http-matrix-3,21.350442,3350674,3350674,3354624
40,20000,1,http-matrix-3,18.770161,3353541,3353541,3354624
40,20000,2,http-matrix-3,23.593934,3353541,3353541,3354624
40,20000,3,http-matrix-3,18.000954,3353541,3353541,3354624
40,20000,4,http-matrix-3,17.516659,3353596,3353596,3354624
40,20000,5,http-matrix-3,19.115877,3353651,3353651,3354624
40,20000,6,http-matrix-3,18.433772,3353706,3353706,3354624
40,20000,7,http-matrix-3,18.248266,3353761,3353761,3354624
40,20000,8,http-matrix-3,19.602467,3353816,3353816,3354624
40,20000,9,http-matrix-3,19.151083,3353871,3353871,3354624
40,20000,10,http-matrix-3,17.434155,3353926,3353926,3354624
40,20000,11,http-matrix-3,18.304291,3353981,3353981,3354624
40,20000,12,http-matrix-3,27.394475,3354036,3354036,3354624
40,20000,13,http-matrix-3,20.940386,3354091,3354091,3354624
40,20000,14,http-matrix-3,29.309464,3354146,3354146,3354624
40,20000,15,http-matrix-3,29.695375,3354201,3354201,3354624
40,20000,16,http-matrix-3,20.536662,3354256,3354256,3354624
40,20000,17,http-matrix-3,29.74093,3354311,3354311,3354624
40,20000,18,http-matrix-3,29.684795,3354366,3354366,3354624
40,20000,19,http-matrix-3,20.470919,3354421,3354421,3354624
40,20000,20,http-matrix-3,29.85863,3354476,3354476,3354624
40,20000,21,http-matrix-3,29.566404,3354531,3354531,3354624
40,20000,22,http-matrix-3,20.527936,3354586,3354586,3354624
40,20000,23,http-matrix-3,29.573637,3354641,3354641,3358720
40,20000,24,http-matrix-3,29.761248,3354696,3354696,3358720
40,20000,25,http-matrix-3,20.404374,3354751,3354751,3358720
40,20000,26,http-matrix-3,29.800521,3354806,3354806,3358720
40,20000,27,http-matrix-3,29.788979,3354861,3354861,3358720
40,20000,28,http-matrix-3,20.384007,3354916,3354916,3358720
40,20000,29,http-matrix-3,29.666781,3354971,3354971,3358720
40,20000,30,http-matrix-3,29.713448,3355026,3355026,3358720
40,20000,31,http-matrix-3,20.44985,3355081,3355081,3358720
40,20000,32,http-matrix-3,29.879518,3355136,3355136,3358720
40,20000,33,http-matrix-3,29.641835,3355191,3355191,3358720
40,20000,34,http-matrix-3,20.247121,3355246,3355246,3358720
40,20000,35,http-matrix-3,29.88578,3355301,3355301,3358720
40,20000,36,http-matrix-3,29.854151,3355356,3355356,3358720
40,20000,37,http-matrix-3,20.402651,3355411,3355411,3358720
40,20000,38,http-matrix-3,29.677922,3355466,3355466,3358720
40,20000,39,http-matrix-3,29.818535,3355521,3355521,3358720
40,20000,40,http-matrix-3,29.426372,3355576,3355576,3358720
40,20000,41,http-matrix-3,20.651918,3355631,3355631,3358720
40,20000,42,http-matrix-3,29.702729,3355686,3355686,3358720
40,20000,43,http-matrix-3,36.305926,3355686,3355686,3358720
40,20000,44,http-matrix-3,20.775378,3355686,3355686,3358720
40,20000,45,http-matrix-3,23.156598,3355686,3355686,3358720
40,20000,46,http-matrix-3,29.32339,3355686,3355686,3358720
40,20000,47,http-matrix-3,20.624957,3355686,3355686,3358720
40,20000,48,http-matrix-3,29.884268,3355686,3355686,3358720
40,20000,49,http-matrix-3,29.802355,3355686,3355686,3358720
40,20000,50,http-matrix-3,21.810773,3355686,3355686,3358720
40,20000,51,http-matrix-3,28.313212,3355686,3355686,3358720
40,20000,52,http-matrix-3,29.4145,3355686,3355686,3358720
40,20000,53,http-matrix-3,20.552602,3355686,3355686,3358720
40,20000,54,http-matrix-3,29.651723,3355686,3355686,3358720
40,20000,55,http-matrix-3,30.068723,3355686,3355686,3358720
40,20000,56,http-matrix-3,20.164257,3355686,3355686,3358720
40,20000,57,http-matrix-3,29.770866,3355686,3355686,3358720
40,20000,58,http-matrix-3,29.887554,3355686,3355686,3358720
40,20000,59,http-matrix-3,29.429508,3355686,3355686,3358720
40,20000,60,http-matrix-3,20.891255,3355686,3355686,3358720
40,20000,61,http-matrix-3,29.275981,3355686,3355686,3358720
40,20000,62,http-matrix-3,29.662023,3355686,3355686,3358720
40,20000,63,http-matrix-3,20.515903,3355686,3355686,3358720
40,20000,64,http-matrix-3,29.659718,3355686,3355686,3358720
40,20000,65,http-matrix-3,29.75651,3355686,3355686,3358720
40,20000,66,http-matrix-3,20.480447,3355686,3355686,3358720
40,20000,67,http-matrix-3,29.641574,3355686,3355686,3358720
40,20000,68,http-matrix-3,29.732635,3355686,3355686,3358720
40,20000,69,http-matrix-3,20.722489,3355686,3355686,3358720
40,20000,70,http-matrix-3,29.505661,3355686,3355686,3358720
40,20000,71,http-matrix-3,29.582764,3355686,3355686,3358720
40,20000,72,http-matrix-3,20.592886,3355686,3355686,3358720
40,20000,73,http-matrix-3,29.664888,3355686,3355686,3358720
40,20000,74,http-matrix-3,29.631445,3355686,3355686,3358720
40,20000,75,http-matrix-3,21.00133,3355686,3355686,3358720
40,20000,76,http-matrix-3,29.424518,3355686,3355686,3358720
40,20000,77,http-matrix-3,29.876203,3355686,3355686,3358720
40,20000,78,http-matrix-3,20.87824,3355686,3355686,3358720
40,20000,79,http-matrix-3,29.122194,3355686,3355686,3358720
20,20000,0,HTTPLatencyBudget,17.858348,3280274,3280274,3280896
20,20000,1,HTTPLatencyBudget,17.452389,3281621,3281621,3284992
20,20000,2,HTTPLatencyBudget,20.751814,3281676,3281676,3284992
20,20000,3,HTTPLatencyBudget,17.011616,3281676,3281676,3284992
20,20000,4,HTTPLatencyBudget,16.248049,3281676,3281676,3284992
20,20000,5,HTTPLatencyBudget,18.261691,3281731,3281739,3284992
20,20000,6,HTTPLatencyBudget,17.029228,3281786,3281786,3284992
20,20000,7,HTTPLatencyBudget,16.496833,3281841,3281841,3284992
20,20000,8,HTTPLatencyBudget,18.510837,3281896,3281896,3284992
20,20000,9,HTTPLatencyBudget,17.567193,3281951,3281951,3284992
20,20000,10,HTTPLatencyBudget,16.834354,3282006,3282006,3284992
20,20000,11,HTTPLatencyBudget,18.480961,3282061,3282061,3284992
20,20000,12,HTTPLatencyBudget,17.27636,3282116,3282116,3284992
20,20000,13,HTTPLatencyBudget,17.528221,3282171,3282171,3284992
20,20000,14,HTTPLatencyBudget,27.330186,3282226,3282226,3284992
20,20000,15,HTTPLatencyBudget,17.480391,3282281,3282281,3284992
20,20000,16,HTTPLatencyBudget,16.740609,3282336,3282336,3284992
20,20000,17,HTTPLatencyBudget,19.333313,3282391,3282391,3284992
20,20000,18,HTTPLatencyBudget,17.508965,3282446,3282446,3284992
20,20000,19,HTTPLatencyBudget,16.592403,3282501,3282501,3284992
20,20000,20,HTTPLatencyBudget,20.723932,3282556,3282556,3284992
20,20000,21,HTTPLatencyBudget,19.497881,3282611,3282611,3284992
20,20000,22,HTTPLatencyBudget,16.620535,3282666,3282666,3284992
20,20000,23,HTTPLatencyBudget,18.251803,3282666,3282666,3284992
20,20000,24,HTTPLatencyBudget,17.86541,3282666,3282666,3284992
20,20000,25,HTTPLatencyBudget,23.973634,3282666,3282666,3284992
20,20000,26,HTTPLatencyBudget,21.078425,3282666,3282666,3284992
20,20000,27,HTTPLatencyBudget,20.031278,3282666,3282666,3284992
20,20000,28,HTTPLatencyBudget,21.848783,3282666,3282666,3284992
20,20000,29,HTTPLatencyBudget,22.037948,3282666,3282666,3284992
20,20000,30,HTTPLatencyBudget,19.820544,3282666,3282666,3284992
20,20000,31,HTTPLatencyBudget,16.459844,3282666,3282666,3284992
20,20000,32,HTTPLatencyBudget,18.952152,3282666,3282666,3284992
20,20000,33,HTTPLatencyBudget,17.374534,3282666,3282666,3284992
20,20000,34,HTTPLatencyBudget,16.921928,3282666,3282666,3284992
20,20000,35,HTTPLatencyBudget,19.279463,3282666,3282666,3284992
20,20000,36,HTTPLatencyBudget,17.243608,3282666,3282666,3284992
20,20000,37,HTTPLatencyBudget,17.097416,3282666,3282666,3284992
20,20000,38,HTTPLatencyBudget,19.626341,3282666,3282666,3284992
20,20000,39,HTTPLatencyBudget,19.469519,3282666,3282666,3284992
20,20000,0,HTTPLatencyBudget,20.876077,3280198,3280198,3280896
20,20000,1,HTTPLatencyBudget,18.700391,3281566,3281566,3284992
20,20000,2,HTTPLatencyBudget,16.402888,3281676,3281676,3284992
20,20000,3,HTTPLatencyBudget,20.42351,3281676,3281676,3284992
20,20000,4,HTTPLatencyBudget,17.381116,3281676,3281676,3284992
20,20000,5,HTTPLatencyBudget,16.735149,3281731,3281731,3284992
20,20000,6,HTTPLatencyBudget,18.698598,3281786,3281786,3284992
20,20000,7,HTTPLatencyBudget,17.73633,3281841,3281841,3284992
20,20000,8,HTTPLatencyBudget,17.123274,3281896,3281896,3284992
20,20000,9,HTTPLatencyBudget,18.707254,3281951,3281951,3284992
20,20000,10,HTTPLatencyBudget,17.542748,3282006,3282006,3284992
20,20000,11,HTTPLatencyBudget,16.878798,3282061,3282061,3284992
20,20000,12,HTTPLatencyBudget,18.94606,3282116,3282116,3284992
20,20000,13,HTTPLatencyBudget,19.602917,3282171,3282171,3284992
20,20000,14,HTTPLatencyBudget,29.449686,3282226,3282226,3284992
20,20000,15,HTTPLatencyBudget,20.627672,3282281,3282281,3284992
20,20000,16,HTTPLatencyBudget,30.922667,3282336,3282336,3284992
20,20000,17,HTTPLatencyBudget,28.733768,3282391,3282391,3284992
20,20000,18,HTTPLatencyBudget,20.13993,3282446,3282446,3284992
20,20000,19,HTTPLatencyBudget,29.969887,3282501,3282501,3284992
20,20000,20,HTTPLatencyBudget,29.497015,3282556,3282556,3284992
20,20000,21,HTTPLatencyBudget,29.804588,3282611,3282611,3284992
20,20000,22,HTTPLatencyBudget,20.746333,3282666,3282666,3284992
20,20000,23,HTTPLatencyBudget,29.186334,3282666,3282666,3284992
20,20000,24,HTTPLatencyBudget,20.669671,3282666,3282666,3284992
20,20000,25,HTTPLatencyBudget,29.888916,3282666,3282666,3284992
20,20000,26,HTTPLatencyBudget,29.541167,3282666,3282666,3284992
20,20000,27,HTTPLatencyBudget,20.490776,3282666,3282666,3284992
20,20000,28,HTTPLatencyBudget,29.597041,3282666,3282666,3284992
20,20000,29,HTTPLatencyBudget,29.630654,3282666,3282666,3284992
20,20000,30,HTTPLatencyBudget,20.49816,3282666,3282666,3284992
20,20000,31,HTTPLatencyBudget,29.629081,3282666,3282666,3284992
20,20000,32,HTTPLatencyBudget,20.795706,3282666,3282666,3284992
20,20000,33,HTTPLatencyBudget,29.423486,3282666,3282666,3284992
20,20000,34,HTTPLatencyBudget,29.828985,3282666,3282666,3284992
20,20000,35,HTTPLatencyBudget,20.102661,3282666,3282666,3284992
20,20000,36,HTTPLatencyBudget,30.005794,3282666,3282666,3284992
20,20000,37,HTTPLatencyBudget,30.246083,3282666,3282666,3284992
20,20000,38,HTTPLatencyBudget,19.513531,3282666,3282666,3284992
20,20000,39,HTTPLatencyBudget,29.659999,3282666,3282666,3284992
20,20000,0,HTTPLatencyBudget,17.284546,3280198,3280198,3280896
20,20000,1,HTTPLatencyBudget,17.248478,3281621,3281621,3284992
20,20000,2,HTTPLatencyBudget,20.477702,3281621,3281621,3284992
20,20000,3,HTTPLatencyBudget,17.485982,3281621,3281621,3284992
20,20000,4,HTTPLatencyBudget,16.902051,3281676,3281676,3284992
20,20000,5,HTTPLatencyBudget,18.809996,3281731,3281731,3284992
20,20000,6,HTTPLatencyBudget,17.511379,3281786,3281786,3284992
20,20000,7,HTTPLatencyBudget,17.194728,3281841,3281841,3284992
20,20000,8,HTTPLatencyBudget,19.342421,3281896,3281896,3284992
20,20000,9,HTTPLatencyBudget,17.358133,3281951,3281951,3284992
20,20000,10,HTTPLatencyBudget,16.599296,3282006,3282006,3284992
20,20000,11,HTTPLatencyBudget,22.053967,3282061,3282061,3284992
20,20000,12,HTTPLatencyBudget,29.492416,3282116,3282116,3284992
20,20000,13,HTTPLatencyBudget,20.282978,3282171,3282171,3284992
20,20000,14,HTTPLatencyBudget,29.7939,3282226,3282226,3284992
20,20000,15,HTTPLatencyBudget,29.485232,3282281,3282281,3284992
20,20000,16,HTTPLatencyBudget,20.748939,3282336,3282336,3284992
20,20000,17,HTTPLatencyBudget,29.276542,3282391,3282391,3284992
20,20000,18,HTTPLatencyBudget,20.605841,3282446,3282446,3284992
20,20000,19,HTTPLatencyBudget,29.790943,3282501,3282501,3284992
20,20000,20,HTTPLatencyBudget,29.45227,3282556,3282556,3284992
20,20000,21,HTTPLatencyBudget,20.576556,3282611,3282611,3284992
20,20000,22,HTTPLatencyBudget,29.509167,3282666,3282666,3284992
20,20000,23,HTTPLatencyBudget,23.23314,3282666,3282666,3284992
20,20000,24,HTTPLatencyBudget,27.291002,3282666,3282666,3284992
20,20000,25,HTTPLatencyBudget,29.294215,3282666,3282666,3284992
20,20000,26,HTTPLatencyBudget,20.603137,3282666,3282666,3284992
20,20000,27,HTTPLatencyBudget,29.471356,3282666,3282666,3284992
20,20000,28,HTTPLatencyBudget,20.686783,3282666,3282666,3284992
20,20000,29,HTTPLatencyBudget,30.576982,3282666,3282666,3284992
20,20000,30,HTTPLatencyBudget,28.78311,3282666,3282666,3284992
20,20000,31,HTTPLatencyBudget,22.222653,3282666,3282666,3284992
20,20000,32,HTTPLatencyBudget,27.682955,3282666,3282666,3284992
20,20000,33,HTTPLatencyBudget,29.432072,3282666,3282666,3284992
20,20000,34,HTTPLatencyBudget,20.703473,3282666,3282666,3284992
20,20000,35,HTTPLatencyBudget,29.407988,3282666,3282666,3284992
20,20000,36,HTTPLatencyBudget,20.695459,3282666,3282666,3284992
20,20000,37,HTTPLatencyBudget,29.715302,3282666,3282666,3284992
20,20000,38,HTTPLatencyBudget,29.452431,3282666,3282666,3284992
20,20000,39,HTTPLatencyBudget,21.708742,3282666,3282666,3284992
40,20000,0,profile-http,25.141216,3350598,3350598,3354624
40,20000,1,profile-http,21.452673,3353541,3353541,3354624
40,20000,2,profile-http,19.498362,3353541,3353541,3354624
40,20000,3,profile-http,23.952604,3353596,3353596,3354624
40,20000,4,profile-http,20.007664,3353651,3353651,3354624
40,20000,5,profile-http,17.146718,3353706,3353714,3354624
40,20000,6,profile-http,21.159827,3353761,3353761,3354624
40,20000,7,profile-http,21.327189,3353816,3353816,3354624
40,20000,8,profile-http,17.885057,3353871,3353871,3354624
40,20000,9,profile-http,21.882697,3353926,3353926,3354624
40,20000,10,profile-http,21.286753,3353981,3353981,3354624
40,20000,11,profile-http,17.75282,3354036,3354036,3354624
40,20000,12,profile-http,22.000447,3354091,3354091,3354624
40,20000,13,profile-http,17.192503,3354146,3354146,3354624
40,20000,14,profile-http,22.134948,3354201,3354201,3354624
40,20000,15,profile-http,19.412282,3354256,3354256,3354624
40,20000,16,profile-http,17.647965,3354311,3354311,3354624
40,20000,17,profile-http,20.320398,3354366,3354366,3354624
40,20000,18,profile-http,17.301557,3354421,3354421,3354624
40,20000,19,profile-http,21.97527,3354476,3354476,3354624
40,20000,20,profile-http,20.705137,3354531,3354531,3354624
40,20000,21,profile-http,17.908221,3354586,3354586,3354624
40,20000,22,profile-http,26.354873,3354641,3354641,3358720
40,20000,23,profile-http,20.987214,3354696,3354696,3358720
40,20000,24,profile-http,17.541175,3354751,3354751,3358720
40,20000,25,profile-http,27.318363,3354806,3354806,3358720
40,20000,26,profile-http,18.075413,3354861,3354861,3358720
40,20000,27,profile-http,20.304709,3354916,3354916,3358720
40,20000,28,profile-http,18.683199,3354971,3354971,3358720
40,20000,29,profile-http,19.186098,3355026,3355026,3358720
40,20000,30,profile-http,24.838049,3355081,3355081,3358720
40,20000,31,profile-http,24.249479,3355136,3355136,3358720
40,20000,32,profile-http,28.580932,3355191,3355191,3358720
40,20000,33,profile-http,26.568652,3355246,3355246,3358720
40,20000,34,profile-http,20.988195,3355301,3355301,3358720
40,20000,35,profile-http,24.139253,3355356,3355356,3358720
40,20000,36,profile-http,25.391954,3355411,3355411,3358720
40,20000,37,profile-http,26.231032,3355466,3355466,3358720
40,20000,38,profile-http,16.953327,3355521,3355521,3358720
40,20000,39,profile-http,21.588007,3355576,3355576,3358720
40,20000,40,profile-http,19.386253,3355631,3355631,3358720
40,20000,41,profile-http,18.198473,3355686,3355686,3358720
40,20000,42,profile-http,26.179585,3355741,3355741,3358720
40,20000,43,profile-http,17.375996,3355796,3355796,3358720
40,20000,44,profile-http,21.60063,3355851,3355851,3358720
40,20000,45,profile-http,18.384551,3355906,3355906,3358720
40,20000,46,profile-http,19.922014,3356016,3356016,3358720
40,20000,47,profile-http,20.236902,3356016,3356016,3358720
40,20000,48,profile-http,17.633207,3356071,3356071,3358720
40,20000,49,profile-http,19.868414,3356126,3356126,3358720
40,20000,50,profile-http,19.352489,3356181,3356181,3358720
40,20000,51,profile-http,18.290415,3356236,3356236,3358720
40,20000,52,profile-http,18.514173,3356291,3356291,3358720
40,20000,53,profile-http,19.145313,3356346,3356346,3358720
40,20000,54,profile-http,18.189546,3356401,3356401,3358720
40,20000,55,profile-http,19.125185,3356456,3356456,3358720
40,20000,56,profile-http,17.98823,3356511,3356511,3358720
40,20000,57,profile-http,19.878672,3356566,3356574,3358720
40,20000,58,profile-http,21.058467,3356621,3356621,3358720
40,20000,59,profile-http,17.537038,3356676,3356676,3358720
40,20000,60,profile-http,22.297783,3356731,3356731,3358720
40,20000,61,profile-http,21.575503,3356786,3356786,3358720
40,20000,62,profile-http,19.123682,3356841,3356841,3358720
40,20000,63,profile-http,18.895535,3356896,3356896,3358720
40,20000,64,profile-http,19.607125,3356951,3356951,3358720
40,20000,65,profile-http,27.974549,3357006,3357006,3358720
40,20000,66,profile-http,20.700809,3357061,3357061,3358720
40,20000,67,profile-http,17.307047,3357116,3357116,3358720
40,20000,68,profile-http,18.988128,3357171,3357171,3358720
40,20000,69,profile-http,24.846845,3357226,3357226,3358720
40,20000,70,profile-http,22.223504,3357281,3357281,3358720
40,20000,71,profile-http,20.69117,3357336,3357336,3358720
40,20000,72,profile-http,20.929796,3357391,3357391,3358720
40,20000,73,profile-http,24.385563,3357446,3357446,3358720
40,20000,74,profile-http,28.20503,3357501,3357501,3358720
40,20000,75,profile-http,18.28261,3357556,3357556,3358720
40,20000,76,profile-http,21.955042,3357611,3357611,3358720
40,20000,77,profile-http,17.350339,3357666,3357666,3358720
40,20000,78,profile-http,21.759307,3357721,3357721,3358720
40,20000,79,profile-http,23.558819,3357776,3357776,3358720
40,20000,80,profile-http,20.924096,3357831,3357831,3358720
40,20000,81,profile-http,24.603401,3357886,3357886,3358720
40,20000,82,profile-http,17.220405,3357941,3357941,3358720
40,20000,83,profile-http,22.113569,3357941,3357941,3358720
40,20000,84,profile-http,20.555808,3357996,3357996,3358720
40,20000,85,profile-http,17.327155,3358051,3358051,3358720
40,20000,86,profile-http,22.933941,3358106,3358106,3358720
40,20000,87,profile-http,20.878872,3358161,3358161,3358720
40,20000,88,profile-http,17.534533,3358216,3358216,3358720
40,20000,89,profile-http,21.544104,3358271,3358271,3358720
40,20000,90,profile-http,20.595551,3358326,3358326,3358720
40,20000,91,profile-http,17.220837,3358381,3358381,3358720
40,20000,92,profile-http,21.687863,3358436,3358436,3358720
40,20000,93,profile-http,17.306306,3358491,3358491,3358720
40,20000,94,profile-http,21.499682,3358546,3358546,3358720
40,20000,95,profile-http,20.422708,3358601,3358601,3358720
40,20000,96,profile-http,17.833993,3358656,3358656,3358720
40,20000,97,profile-http,26.872671,3358711,3358711,3358720
40,20000,98,profile-http,23.883606,3358766,3358766,3362816
40,20000,99,profile-http,17.639608,3358821,3358821,3362816
40,20000,100,profile-http,20.231111,3358876,3358876,3362816
40,20000,101,profile-http,23.68266,3358931,3358931,3362816
40,20000,102,profile-http,21.405355,3358986,3358986,3362816
40,20000,103,profile-http,23.759493,3359041,3359041,3362816
40,20000,104,profile-http,31.955969,3359096,3359096,3362816
40,20000,105,profile-http,30.953385,3359151,3359151,3362816
40,20000,106,profile-http,24.177896,3359206,3359206,3362816
40,20000,107,profile-http,27.314937,3359261,3359261,3362816
40,20000,108,profile-http,22.445198,3359316,3359316,3362816
40,20000,109,profile-http,20.099144,3359371,3359371,3362816
40,20000,110,profile-http,28.723218,3359426,3359426,3362816
40,20000,111,profile-http,19.960805,3359481,3359481,3362816
40,20000,112,profile-http,23.335421,3359536,3359536,3362816
40,20000,113,profile-http,20.804462,3359591,3359591,3362816
40,20000,114,profile-http,17.244661,3359646,3359646,3362816
40,20000,115,profile-http,21.117968,3359701,3359701,3362816
40,20000,116,profile-http,17.572123,3359756,3359756,3362816
40,20000,117,profile-http,21.73419,3359811,3359811,3362816
40,20000,118,profile-http,17.496362,3359866,3359866,3362816
40,20000,119,profile-http,21.766029,3359921,3359921,3362816
40,20000,120,profile-http,17.041662,3359976,3359976,3362816
40,20000,121,profile-http,22.581603,3360031,3360031,3362816
40,20000,122,profile-http,16.865332,3360086,3360086,3362816
40,20000,123,profile-http,21.211282,3360086,3360086,3362816
40,20000,124,profile-http,16.870212,3360086,3360086,3362816
40,20000,125,profile-http,23.035661,3360086,3360086,3362816
40,20000,126,profile-http,23.916067,3360086,3360086,3362816
40,20000,127,profile-http,21.93221,3360086,3360086,3362816
40,20000,128,profile-http,16.704532,3360086,3360086,3362816
40,20000,129,profile-http,21.545577,3360086,3360086,3362816
40,20000,130,profile-http,17.06757,3360086,3360086,3362816
40,20000,131,profile-http,19.49195,3360086,3360086,3362816
40,20000,132,profile-http,20.568612,3360086,3360086,3362816
40,20000,133,profile-http,16.936675,3360086,3360086,3362816
40,20000,134,profile-http,21.75607,3360086,3360086,3362816
40,20000,135,profile-http,17.310243,3360086,3360086,3362816
40,20000,136,profile-http,21.994476,3360086,3360086,3362816
40,20000,137,profile-http,27.25258,3360086,3360086,3362816
40,20000,138,profile-http,19.623696,3360086,3360086,3362816
40,20000,139,profile-http,21.063176,3360086,3360086,3362816
40,20000,140,profile-http,21.420062,3360086,3360086,3362816
40,20000,141,profile-http,31.176653,3360086,3360086,3362816
40,20000,142,profile-http,18.583602,3360086,3360086,3362816
40,20000,143,profile-http,20.213678,3360086,3360086,3362816
40,20000,144,profile-http,17.817362,3360086,3360086,3362816
40,20000,145,profile-http,18.118724,3360086,3360086,3362816
40,20000,146,profile-http,18.968491,3360086,3360086,3362816
40,20000,147,profile-http,17.019991,3360086,3360086,3362816
40,20000,148,profile-http,19.406902,3360086,3360086,3362816
40,20000,149,profile-http,18.432811,3360086,3360086,3362816
40,20000,150,profile-http,17.088289,3360086,3360086,3362816
40,20000,151,profile-http,17.830826,3360086,3360086,3362816
40,20000,152,profile-http,17.300145,3360086,3360086,3362816
40,20000,153,profile-http,19.095419,3360086,3360086,3362816
40,20000,154,profile-http,16.863929,3360086,3360086,3362816
40,20000,155,profile-http,20.459037,3360086,3360086,3362816
40,20000,156,profile-http,18.414857,3360086,3360086,3362816
40,20000,157,profile-http,18.712433,3360086,3360086,3362816
40,20000,158,profile-http,18.126018,3360086,3360086,3362816
40,20000,159,profile-http,17.841927,3360086,3360086,3362816
