VmHWM_bytes,VmRSS_bytes,VmSwap_bytes,cancelled_write_bytes,command,cpu_system_s,cpu_user_s,elapsed_s,fd_count,pid,pss_bytes,rchar,read_bytes,syscr,syscw,threads,wchar,write_bytes
634880,634880,0,0,build-gateway,0.0,0.0,0.0006486219936050475,3,268114,1507328,600,0,3,0,1,0,0
29057024,28418048,0,0,build-gateway,0.03,0.11,0.10111744501045905,7,268114,28413952,12006685,0,5232,262,4,29081,61440
29057024,28557312,0,0,build-gateway,0.03,0.11,0.20236057401052676,8,268114,28553216,14290018,0,5716,288,5,35159,77824
29057024,28557312,0,0,build-gateway,0.03,0.11,0.30366715099080466,8,268114,28553216,14290018,0,5716,288,5,35159,77824
29057024,28557312,0,0,build-gateway,0.03,0.11,0.40570766999735497,8,268114,28553216,14290018,0,5716,288,5,35159,77824
29057024,28786688,0,0,build-gateway,0.04,0.12,0.5069962239940651,8,268114,28782592,19594313,0,6024,764,5,3451021,3530752
29057024,28786688,0,0,build-gateway,0.04,0.12,0.6078239470080007,8,268114,28782592,19594313,0,6024,764,5,3451021,3530752
29057024,28786688,0,0,build-gateway,0.04,0.12,0.708660256001167,8,268114,28782592,19594313,0,6024,764,5,3451021,3530752
29057024,28786688,0,0,build-gateway,0.04,0.12,0.8097021690045949,8,268114,28782592,19594313,0,6024,764,5,3451021,3530752
299008,299008,0,0,build-httpapi,0.0,0.0,0.000701570010278374,3,268176,1261568,600,0,3,0,1,0,0
31649792,31649792,0,0,build-httpapi,0.04,0.09,0.10111387699726038,8,268176,31645696,15601842,0,6259,305,4,37898,69632
31318016,31125504,0,0,build-httpapi,0.04,0.09,0.2019329440081492,8,268176,31121408,15601850,0,6260,306,4,37906,69632
31318016,31125504,0,0,build-httpapi,0.04,0.09,0.303162277006777,8,268176,31121408,15601850,0,6260,306,4,37906,69632
31318016,31125504,0,0,build-httpapi,0.04,0.09,0.40454136999323964,8,268176,31121408,15601850,0,6260,306,4,37906,69632
31318016,31125504,0,0,build-httpapi,0.04,0.09,0.5058986530057155,8,268176,31121408,15601850,0,6260,306,4,37906,69632
31318016,31141888,0,0,build-httpapi,0.04,0.1,0.6072210700076539,8,268176,31137792,23117858,0,6649,958,4,4862811,4931584
31318016,31141888,0,0,build-httpapi,0.04,0.1,0.7081173509941436,8,268176,31137792,23117858,0,6649,958,4,4862811,4931584
31318016,31141888,0,0,build-httpapi,0.04,0.1,0.8090005080157425,8,268176,31137792,23117858,0,6649,958,4,4862811,4931584
31318016,31141888,0,0,build-httpapi,0.04,0.1,0.9103163020045031,8,268176,31137792,23117858,0,6649,958,4,4862811,4931584
31744000,31744000,0,14237696,build-httpapi,0.05,0.13,1.0112183040182572,8,268176,31739904,56659109,0,10600,967,5,16596609,28409856
24576,24576,0,0,fixture,0.0,0.0,0.0005134500097483397,3,268219,271360,3020,0,7,0,1,0,0
33153024,33153024,0,172032,fixture,0.01,0.09,0.10089870600495487,5,268219,31696896,1887582,0,17,463,5,1880366,1888256
42033152,42033152,0,1884160,fixture,0.03,0.19,0.20183191599790007,5,268219,40577024,5317205,0,20,1303,5,5310037,5320704
24576,24576,0,0,SnapshotGrowthDiagnostic,0.0,0.0,0.0005422729882411659,3,268224,275456,3020,0,7,0,1,0,0
14565376,14372864,0,0,SnapshotGrowthDiagnostic,0.01,0.14,0.10093646598397754,5,268224,12901376,7361,0,14,2,5,58,4096
14565376,14426112,0,0,SnapshotGrowthDiagnostic,0.02,0.29,0.20138451998354867,5,268224,12954624,7361,0,14,2,5,58,4096
22495232,19169280,0,0,SnapshotGrowthDiagnostic,0.03,0.44,0.3018377329863142,5,268224,17697792,7361,0,14,2,5,58,4096
22495232,21954560,0,0,SnapshotGrowthDiagnostic,0.04,0.59,0.4024395330052357,5,268224,20483072,7361,0,14,2,5,58,4096
22495232,20148224,0,0,SnapshotGrowthDiagnostic,0.05,0.74,0.5029192960064393,5,268224,18676736,7361,0,14,2,5,58,4096
22495232,15806464,0,0,SnapshotGrowthDiagnostic,0.07,0.87,0.6034382119833026,5,268224,14347264,7361,0,14,5,5,340,4096
22495232,19226624,0,0,SnapshotGrowthDiagnostic,0.09,1.01,0.7040152570116334,5,268224,18385920,7361,0,14,5,5,340,4096
22495232,20189184,0,0,SnapshotGrowthDiagnostic,0.1,1.16,0.8045969599916134,5,268224,18717696,7361,0,14,5,5,340,4096
22495232,20221952,0,0,SnapshotGrowthDiagnostic,0.12,1.32,0.9052718369930517,5,268224,18750464,7361,0,14,5,5,340,4096
22806528,14667776,0,0,SnapshotGrowthDiagnostic,0.12,1.46,1.0058489319926593,5,268224,13196288,7361,0,14,8,5,622,4096
22806528,14766080,0,0,SnapshotGrowthDiagnostic,0.13,1.6,1.10640062901075,5,268224,13294592,7361,0,14,8,5,622,4096
22806528,17752064,0,0,SnapshotGrowthDiagnostic,0.14,1.75,1.2069462049985304,5,268224,16280576,7361,0,14,8,5,622,4096
22806528,19980288,0,0,SnapshotGrowthDiagnostic,0.15,1.9,1.3074404950020835,5,268224,18832384,7369,0,15,9,5,630,4096
20480,20480,0,0,SaveGrowthBudget,0.0,0.0,0.0005063150019850582,3,268229,271360,3020,0,7,0,1,0,0
15519744,15519744,0,172032,SaveGrowthBudget,0.02,0.08,0.10090313298860565,5,268229,14048256,177975,0,16,4000,6,16241148,16379904
15413248,14999552,0,172032,SaveGrowthBudget,0.03,0.17,0.20150909197400324,6,268229,13528064,177975,0,16,8531,6,34646980,34938880
30879744,30879744,0,172032,SaveGrowthBudget,0.04,0.27,0.30195616398123093,5,268229,30084096,2058204,0,20,10080,6,40950885,41283584
32333824,23990272,0,1884160,SaveGrowthBudget,0.06,0.37,0.40257548697991297,6,268229,22518784,2058204,0,20,13806,6,56192477,56545280
32333824,27013120,0,1884160,SaveGrowthBudget,0.07,0.47,0.5031484439969063,5,268229,25541632,3767819,0,22,15932,6,64885495,65253376
32333824,17076224,0,2056192,SaveGrowthBudget,0.09,0.56,0.603801900986582,6,268229,15604736,3938433,0,24,19413,6,79011392,79495168
32333824,15142912,0,2056192,SaveGrowthBudget,0.1,0.64,0.7044951429998036,5,268229,13671424,3938433,0,24,23454,6,95425782,96047104
32333824,25010176,0,2056192,SaveGrowthBudget,0.12,0.74,0.8049836619757116,5,268229,23538688,5818662,0,28,25930,6,105495483,106188800
34058240,20107264,0,3768320,SaveGrowthBudget,0.13,0.85,0.9055911639879923,6,268229,18635776,5818662,0,28,28411,6,115645094,116350976
34058240,19988480,0,3768320,SaveGrowthBudget,0.14,0.96,1.0061329919844866,5,268229,18516992,7528277,0,30,31782,6,129430093,130158592
34058240,17559552,0,3940352,SaveGrowthBudget,0.16,1.05,1.1066359289980028,6,268229,16088064,7698899,0,33,34239,6,139391630,140201984
34058240,15859712,0,3940352,SaveGrowthBudget,0.17,1.14,1.2071693009929731,6,268229,14388224,7698899,4096,33,38793,6,157891670,158855168
34058240,20901888,0,3940352,SaveGrowthBudget,0.19,1.23,1.3076073959819041,5,268229,19442688,9579128,8192,37,42033,6,171063773,172126208
34058240,22962176,0,5652480,SaveGrowthBudget,0.2,1.32,1.4080947829934303,6,268229,21490688,9579128,8192,37,44611,6,181608183,182685696
34058240,23166976,0,5652480,SaveGrowthBudget,0.21,1.42,1.508808112994302,5,268229,21695488,11288743,8192,39,48303,6,196707998,197808128
20480,20480,0,0,gateway-bench-3,0.0,0.0,0.0004987320280633867,3,268237,267264,3020,0,7,0,1,0,0
15360000,14962688,0,344064,gateway-bench-3,0.01,0.11,0.10092106700176373,5,268237,13491200,860431,0,24,216,6,853261,864256
15757312,14999552,0,516096,gateway-bench-3,0.02,0.25,0.2015591360104736,5,268237,13626368,1201659,0,28,300,6,1194489,1208320
15839232,15384576,0,1032192,gateway-bench-3,0.02,0.38,0.3020674020226579,5,268237,13913088,2054729,0,38,512,6,2047659,2068480
15839232,15147008,0,1032192,gateway-bench-3,0.03,0.53,0.4024751500110142,5,268237,13675520,2225343,0,40,554,6,2218273,2240512
15839232,15282176,0,1204224,gateway-bench-3,0.03,0.67,0.5029075950151309,5,268237,13810688,2566571,0,44,638,6,2559501,2584576
15839232,15327232,0,1720320,gateway-bench-3,0.04,0.78,0.6034989760082681,5,268237,13855744,3590255,0,56,892,6,3583285,3616768
15839232,15249408,0,1892352,gateway-bench-3,0.05,0.93,0.7041157750063576,5,268237,13777920,3931483,0,60,976,6,3924513,3960832
15839232,15265792,0,1892352,gateway-bench-3,0.06,1.08,0.8046848840021994,5,268237,13794304,3931483,0,60,976,6,3924513,3960832
30576640,30576640,0,2064384,gateway-bench-3,0.07,1.21,0.9050818120012991,5,268237,29105152,5811712,0,64,1437,6,5804801,5844992
39956480,35205120,0,3776512,gateway-bench-3,0.08,1.31,1.0060754350270145,5,268237,33733632,7521327,0,66,1855,6,7514416,7557120
41738240,41738240,0,3776512,gateway-bench-3,0.09,1.41,1.1071891530009452,5,268237,41229312,9230942,0,68,2274,6,9224072,9269248
45289472,34308096,0,5488640,gateway-bench-3,0.1,1.53,1.2084363590111025,5,268237,32836608,10940557,0,70,2692,6,10933687,10981376
45289472,36573184,0,5488640,gateway-bench-3,0.11,1.64,1.3096174830279779,5,268237,35101696,12650172,0,72,3110,6,12643302,12693504
53866496,21766144,0,5488640,gateway-bench-3,0.13,1.78,1.410781875019893,5,268237,20294656,12650172,0,72,3110,6,12643302,12693504
53866496,29327360,0,7200768,gateway-bench-3,0.14,1.88,1.511719873000402,5,268237,27855872,14359787,0,74,3530,6,14353017,14405632
53866496,27422720,0,8736768,gateway-bench-3,0.15,2.0,1.6124164720240515,6,268237,25967616,16069402,0,76,4366,6,17772247,17829888
53866496,25882624,0,8912896,gateway-bench-3,0.15,2.11,1.7133267990138847,5,268237,24431616,19488632,0,80,4784,6,19481862,19542016
53866496,21250048,0,8912896,gateway-bench-3,0.16,2.24,1.8139737540041097,6,268237,19778560,19488632,0,80,4884,6,19891462,19951616
53866496,21549056,0,10625024,gateway-bench-3,0.17,2.34,1.9145510290109087,5,268237,20085760,22907862,0,84,5620,6,22901092,22966272
53866496,21065728,0,10625024,gateway-bench-3,0.18,2.47,2.0153628420084715,5,268237,19594240,22907862,0,84,5620,6,22901092,22966272
53866496,22179840,0,12337152,gateway-bench-3,0.19,2.61,2.1161853950179648,5,268237,20708352,24617477,0,86,6038,6,24610707,24678400
53866496,29011968,0,12337152,gateway-bench-3,0.2,2.73,2.217004362028092,5,268237,28326912,26327092,0,88,6458,6,26320422,26390528
53866496,31776768,0,14049280,gateway-bench-3,0.2,2.83,2.3180675550247543,5,268237,30305280,28036707,0,90,6876,6,28030037,28102656
53866496,34807808,0,14049280,gateway-bench-3,0.21,2.94,2.41911793401232,5,268237,33336320,29746322,0,92,7294,6,29739652,29814784
53866496,31297536,0,15761408,gateway-bench-3,0.23,3.06,2.519871699012583,5,268237,29826048,31455937,0,94,7712,6,31449267,31526912
53866496,34480128,0,15761408,gateway-bench-3,0.24,3.17,2.6209398510109168,5,268237,33995776,33165552,0,96,8130,6,33158882,33239040
53866496,22908928,0,15761408,gateway-bench-3,0.25,3.32,2.721906413004035,5,268237,21437440,33165552,0,96,8130,6,33158882,33239040
53866496,29270016,0,17473536,gateway-bench-3,0.27,3.45,2.8225665330246557,5,268237,27806720,34875167,0,98,8548,6,34868497,34951168
53866496,33947648,0,17473536,gateway-bench-3,0.27,3.57,2.923536812013481,5,268237,32496640,38304782,0,100,9387,6,38298171,38383616
55062528,55062528,0,17473536,gateway-bench-3,0.28,3.67,3.024671829014551,5,268237,53591040,38304782,0,100,9387,6,38298171,38383616
69316608,69316608,0,20905984,gateway-bench-3,0.29,3.77,3.125828917021863,5,268237,67853312,41734397,0,102,10225,6,41727786,41816064
69062656,24395776,0,20905984,gateway-bench-3,0.3,3.88,3.2279917250270955,6,268237,22924288,41734397,0,102,11064,6,45157442,45248512
69062656,55242752,0,20905984,gateway-bench-3,0.31,3.97,3.328972003015224,5,268237,53771264,45164012,0,104,11064,6,45157442,45248512
82051072,26529792,0,20905984,gateway-bench-3,0.32,4.11,3.4300450140144676,5,268237,25058304,45164012,0,104,11064,6,45157442,45248512
82051072,44498944,0,24338432,gateway-bench-3,0.33,4.22,3.5311016450286843,5,268237,43027456,48593627,0,106,11902,6,48587057,48680960
82051072,33099776,0,24338432,gateway-bench-3,0.34,4.32,3.6320268000126816,6,268237,31628288,48593627,0,106,12445,6,50811185,50905088
82051072,51773440,0,24338432,gateway-bench-3,0.35,4.42,3.7328533310210332,5,268237,50301952,52023242,0,108,12740,6,52016672,52113408
82051072,28053504,0,24338432,gateway-bench-3,0.36,4.55,3.834072495024884,5,268237,26582016,52023242,0,108,12740,6,52016672,52113408
82051072,31170560,0,27770880,gateway-bench-3,0.38,4.68,3.9353374350175727,5,268237,29699072,55452857,0,110,13578,6,55446287,55545856
82051072,54157312,0,27770880,gateway-bench-3,0.39,4.8,4.036061564023839,5,268237,52689920,55452857,0,110,13578,6,55446287,55545856
82051072,36454400,0,27770880,gateway-bench-3,0.39,4.91,4.13722414302174,5,268237,35011584,58882472,0,112,14418,6,58876002,58978304
82051072,57409536,0,27770880,gateway-bench-3,0.4,5.03,4.2380888650077395,5,268237,55938048,58882472,0,112,14418,6,58876002,58978304
82051072,46854144,0,31203328,gateway-bench-3,0.41,5.14,4.339286048023496,5,268237,45390848,62312087,0,114,15256,6,62305617,62410752
82051072,45617152,0,31203328,gateway-bench-3,0.41,5.25,4.440295550011797,5,268237,44334080,62312087,0,114,15256,6,62305617,62410752
82051072,43372544,0,31203328,gateway-bench-3,0.42,5.36,4.541339397022966,5,268237,41901056,65741702,0,116,16094,6,65735232,65843200
82051072,25346048,0,31203328,gateway-bench-3,0.44,5.47,4.642296732024988,5,268237,23874560,65741702,0,116,16094,6,65735232,65843200
82051072,29622272,0,34635776,gateway-bench-3,0.45,5.62,4.74304362401017,5,268237,28150784,69171317,0,118,16932,6,69164847,69275648
82051072,53166080,0,34635776,gateway-bench-3,0.46,5.72,4.843791167018935,5,268237,52456448,69171317,0,118,16932,6,69164847,69275648
82051072,37441536,0,34635776,gateway-bench-3,0.47,5.83,4.94553925000946,5,268237,35998720,72600932,0,120,17770,6,72594462,72708096
82051072,58224640,0,34635776,gateway-bench-3,0.47,5.94,5.047008091001771,5,268237,56753152,72600932,0,120,17770,6,72594462,72708096
82051072,28524544,0,34635776,gateway-bench-3,0.49,6.09,5.148952440009452,5,268237,27053056,72600932,0,120,17770,6,72594462,72708096
82051072,36593664,0,38068224,gateway-bench-3,0.49,6.22,5.250052191026043,5,268237,35146752,76030547,0,122,18608,6,76024077,76140544
82051072,55754752,0,38068224,gateway-bench-3,0.5,6.33,5.351256608002586,5,268237,54283264,76030547,0,122,18608,6,76024077,76140544
82051072,44736512,0,38068224,gateway-bench-3,0.51,6.44,5.45237529501901,5,268237,43289600,79460162,0,124,19448,6,79453792,79572992
82051072,65249280,0,38068224,gateway-bench-3,0.52,6.54,5.553782831004355,6,268237,63925248,79460162,0,124,19932,6,81436256,81555456
82051072,47112192,0,41500672,gateway-bench-3,0.52,6.65,5.654961019026814,5,268237,45665280,82889777,0,126,20286,6,82883407,83005440
82051072,30232576,0,41500672,gateway-bench-3,0.53,6.76,5.756202895019669,5,268237,28785664,86319392,0,128,21124,6,86313022,86437888
82051072,54710272,0,41500672,gateway-bench-3,0.54,6.86,5.857289512001444,5,268237,53238784,86319392,0,128,21124,6,86313022,86437888
82051072,27439104,0,41500672,gateway-bench-3,0.55,7.01,5.958963296026923,5,268237,26483712,86319392,0,128,21132,6,86345790,86470656
82051072,46002176,0,44933120,gateway-bench-3,0.56,7.11,6.059694458002923,5,268237,44530688,89749007,0,130,21962,6,89742637,89870336
82051072,27959296,0,44933120,gateway-bench-3,0.57,7.21,6.160600909002824,5,268237,26504192,93178622,0,132,22800,6,93172252,93302784
82051072,57970688,0,44933120,gateway-bench-3,0.58,7.33,6.261267901019892,5,268237,56499200,93178622,0,132,22800,6,93172252,93302784
82051072,28672000,0,44933120,gateway-bench-3,0.59,7.47,6.3624060440051835,5,268237,27200512,93178622,0,132,22800,6,93172252,93302784
82051072,33263616,0,48365568,gateway-bench-3,0.6,7.6,6.4634873310278635,5,268237,31804416,96608237,0,134,23638,6,96601867,96735232
82051072,59469824,0,48365568,gateway-bench-3,0.6,7.71,6.564599535020534,5,268237,57998336,96608237,0,134,23638,6,96601867,96735232
82051072,20127744,0,48709632,gateway-bench-3,0.62,7.82,6.66640339200967,5,268237,18734080,97461307,0,144,23850,6,97455037,97595392
82051072,20443136,0,49053696,gateway-bench-3,0.65,7.93,6.767015813005855,5,268237,19168256,98143763,0,152,24020,6,98137593,98283520
82051072,20344832,0,49225728,gateway-bench-3,0.68,8.04,6.86776878600358,5,268237,18873344,98484991,0,156,24104,6,98478821,98627584
82051072,19361792,0,49741824,gateway-bench-3,0.71,8.14,6.968475463014329,5,268237,18332672,99508675,0,168,24358,6,99502605,99659776
82051072,22007808,0,49913856,gateway-bench-3,0.74,8.26,7.069124802015722,5,268237,20536320,99679289,0,170,24401,6,99673278,99831808
82051072,28438528,0,51625984,gateway-bench-3,0.75,8.36,7.169978504010942,5,268237,26967040,103098519,0,174,25237,6,103092508,103256064
82051072,25202688,0,51625984,gateway-bench-3,0.76,8.47,7.27104401102406,5,268237,23743488,104808134,0,176,25656,6,104802173,104968192
82051072,22499328,0,51625984,gateway-bench-3,0.77,8.6,7.371739366004476,5,268237,21027840,104808134,0,176,25656,6,104802173,104968192
82051072,22999040,0,53338112,gateway-bench-3,0.79,8.71,7.47268442902714,6,268237,21552128,106517749,0,178,26185,6,106966444,107134976
82051072,22683648,0,53338112,gateway-bench-3,0.8,8.82,7.573610726016341,5,268237,20663296,108227364,0,180,26492,6,108221403,108392448
82051072,23404544,0,53338112,gateway-bench-3,0.82,8.97,7.674593789008213,6,268237,21957632,108227364,0,180,26609,6,108700635,108871680
82051072,25677824,0,55050240,gateway-bench-3,0.83,9.08,7.775198735005688,5,268237,24316928,111646594,0,184,27330,6,111640742,111816704
82051072,27828224,0,56762368,gateway-bench-3,0.84,9.18,7.875891556002898,5,268237,26422272,113356209,0,186,27748,6,113350357,113528832
82051072,31977472,0,56762368,gateway-bench-3,0.85,9.29,7.976968846021919,5,268237,30505984,115065824,0,188,28166,6,115059972,115240960
82051072,27521024,0,58474496,gateway-bench-3,0.86,9.42,8.077794024022296,5,268237,26049536,116775439,0,190,28584,6,116769587,116953088
82051072,30523392,0,58474496,gateway-bench-3,0.87,9.52,8.178826729999855,5,268237,29076480,118485054,0,192,29002,6,118479202,118665216
82051072,22667264,0,58474496,gateway-bench-3,0.88,9.65,8.279563523014076,5,268237,21195776,118485054,0,192,29002,6,118479202,118665216
82051072,26464256,0,60186624,gateway-bench-3,0.89,9.79,8.38054522301536,5,268237,25009152,120194669,0,194,29420,6,120188817,120377344
82051072,31928320,0,60186624,gateway-bench-3,0.9,9.9,8.481198170018615,5,268237,29596672,121904284,0,196,29840,6,121898541,122089472
82051072,31387648,0,61898752,gateway-bench-3,0.92,10.0,8.582037925021723,5,268237,29916160,123613899,0,198,30258,6,123608156,123801600
82051072,35442688,0,61898752,gateway-bench-3,0.93,10.11,8.682826154021313,5,268237,33971200,125323514,0,200,30676,6,125317771,125513728
82051072,26779648,0,63610880,gateway-bench-3,0.95,10.24,8.783600117021706,5,268237,25328640,127033129,0,202,31094,6,127027386,127225856
82051072,34988032,0,63610880,gateway-bench-3,0.96,10.34,8.884601104015019,5,268237,33516544,128742744,0,204,31512,6,128737001,128937984
82051072,24145920,0,63610880,gateway-bench-3,0.97,10.49,8.985374956013402,5,268237,22674432,128742744,0,204,31512,6,128737001,128937984
82051072,32350208,0,65323008,gateway-bench-3,0.98,10.62,9.0864022920141,5,268237,32254976,130452359,0,206,31930,6,130446616,130650112
82051072,34373632,0,65323008,gateway-bench-3,0.99,10.72,9.187565481028287,5,268237,32926720,133881974,0,208,32769,6,133876290,134082560
82051072,55730176,0,65323008,gateway-bench-3,1.0,10.83,9.2886996770103,5,268237,57887744,133881974,0,208,32769,6,133876290,134082560
82051072,44797952,0,68755456,gateway-bench-3,1.01,10.94,9.390769080026075,5,268237,43326464,137311589,0,210,33607,6,137305905,137515008
82051072,26554368,0,68755456,gateway-bench-3,1.02,11.04,9.4917766690196,6,268237,25082880,137311589,0,210,33738,6,137838435,138047488
82051072,55697408,0,68755456,gateway-bench-3,1.03,11.15,9.592505467007868,5,268237,54225920,140741204,0,212,34446,6,140735570,140947456
82051072,26906624,0,68755456,gateway-bench-3,1.04,11.28,9.6942395530059,5,268237,25435136,140741204,0,212,34446,6,140735570,140947456
82051072,33804288,0,72187904,gateway-bench-3,1.05,11.4,9.79535885102814,5,268237,32357376,144170819,0,214,35284,6,144165185,144379904
82051072,62517248,0,72187904,gateway-bench-3,1.06,11.5,9.896503346011741,5,268237,61045760,144170819,0,214,35284,6,144165185,144379904
82051072,53014528,0,72187904,gateway-bench-3,1.07,11.61,9.998468795005465,5,268237,51543040,147600434,0,216,36122,6,147594800,147812352
82051072,27803648,0,72187904,gateway-bench-3,1.09,11.72,10.099505328020314,5,268237,26655744,147600434,0,216,36122,6,147594800,147812352
82051072,26320896,0,72187904,gateway-bench-3,1.1,11.88,10.200762874010252,5,268237,24890368,147600434,0,216,36122,6,147594800,147812352
82051072,53137408,0,75620352,gateway-bench-3,1.11,11.98,10.301793817023281,5,268237,51665920,151030049,0,218,36960,6,151024415,151244800
82051072,34234368,0,75620352,gateway-bench-3,1.12,12.08,10.40317646600306,5,268237,32762880,154459664,0,220,37800,6,154454139,154677248
82051072,59133952,0,75620352,gateway-bench-3,1.13,12.19,10.50437222700566,5,268237,57662464,154459664,0,220,37800,6,154454139,154677248
82051072,65429504,0,79052800,gateway-bench-3,1.13,12.29,10.605524486018112,5,268237,63958016,157889279,0,222,38638,6,157883754,158109696
82051072,60211200,0,79052800,gateway-bench-3,1.14,12.39,10.707567730016308,5,268237,58739712,157889279,0,222,38638,6,157883754,158109696
82051072,48930816,0,79052800,gateway-bench-3,1.17,12.49,10.809544679999817,5,268237,47459328,161318894,0,224,39476,6,161313369,161542144
82051072,28033024,0,79052800,gateway-bench-3,1.17,12.62,10.910534997005016,5,268237,26561536,161318894,0,224,39476,6,161313369,161542144
82051072,32083968,0,82485248,gateway-bench-3,1.18,12.77,11.011304471001495,6,268237,30612480,164748509,0,226,40314,6,164742984,164974592
82051072,55787520,0,82485248,gateway-bench-3,1.19,12.88,11.112418299017008,5,268237,54316032,164748509,0,226,40314,6,164742984,164974592
82051072,42958848,0,82485248,gateway-bench-3,1.2,12.98,11.213548767002067,5,268237,41487360,168178124,0,228,41152,6,168172599,168407040
82051072,57905152,0,82485248,gateway-bench-3,1.21,13.1,11.315031644015107,5,268237,56433664,168178124,0,228,41152,6,168172599,168407040
82051072,31330304,0,82485248,gateway-bench-3,1.22,13.25,11.416192690026946,5,268237,29858816,168178124,0,228,41152,6,168172599,168407040
82051072,40734720,0,85917696,gateway-bench-3,1.22,13.37,11.517009813018376,5,268237,39287808,171607739,0,230,41990,6,171602214,171839488
82051072,29327360,0,85917696,gateway-bench-3,1.24,13.48,11.617848847003188,5,268237,27003904,171607739,0,230,41992,6,171602323,171839488
82051072,51335168,0,85917696,gateway-bench-3,1.24,13.59,11.719003170001088,5,268237,49863680,175037354,0,232,42830,6,175031938,175271936
82051072,65302528,0,89350144,gateway-bench-3,1.25,13.69,11.8201774310146,5,268237,63831040,178466969,0,234,43668,6,178461553,178704384
82051072,51597312,0,89350144,gateway-bench-3,1.26,13.79,11.921479160024319,5,268237,50125824,178466969,0,234,43668,6,178461553,178704384
82051072,46514176,0,89350144,gateway-bench-3,1.27,13.9,12.022573831025511,5,268237,45059072,181896584,0,236,44506,6,181891168,182136832
82051072,31436800,0,89350144,gateway-bench-3,1.28,14.02,12.1240406880097,5,268237,28589056,181896584,0,236,44506,6,181891168,182136832
82051072,42700800,0,92782592,gateway-bench-3,1.29,14.13,12.225246057001641,5,268237,41229312,185326199,0,238,45344,6,185320783,185569280
82051072,57643008,0,92782592,gateway-bench-3,1.3,14.25,12.32613297001808,5,268237,56171520,185326199,0,238,45344,6,185320783,185569280
82051072,43126784,0,92782592,gateway-bench-3,1.31,14.36,12.427477118006209,5,268237,41655296,188755814,0,240,46182,6,188750398,189001728
82051072,45563904,0,92782592,gateway-bench-3,1.33,14.48,12.528422691015294,5,268237,41995264,188755814,0,240,46182,6,188750398,189001728
82051072,31244288,0,92782592,gateway-bench-3,1.34,14.64,12.62937150002108,5,268237,29789184,188755814,0,240,46182,6,188750398,189001728
82051072,54181888,0,96215040,gateway-bench-3,1.35,14.75,12.730446596018737,5,268237,52710400,192185429,0,242,47020,6,192180013,192434176
82051072,20455424,0,96387072,gateway-bench-3,1.36,14.86,12.832124317006674,5,268237,19155968,192697271,0,248,47190,6,192862578,193122304
82051072,20918272,0,96559104,gateway-bench-3,1.37,14.94,12.933160058018984,6,268237,19500032,192697271,0,248,51390,6,209923978,210325504
82051072,21504000,0,96731136,gateway-bench-3,1.39,15.04,13.03396068100119,6,268237,20040704,193038499,0,252,54446,6,222339258,222842880
82051072,20307968,0,96903168,gateway-bench-3,1.4,15.12,13.134506928006886,5,268237,19033088,193720955,0,260,56768,6,231762679,232345600
82051072,20246528,0,97075200,gateway-bench-3,1.43,15.21,13.235301008011447,6,268237,18824192,193720955,0,260,60205,6,245725773,246423552
82051072,21196800,0,97419264,gateway-bench-3,1.45,15.29,13.3361542080238,6,268237,19811328,194403411,0,268,62287,6,254174662,254943232
82051072,24502272,0,97419264,gateway-bench-3,1.46,15.39,13.436992641014513,5,268237,23038976,196283640,0,272,64539,6,263329912,264163328
82051072,28336128,0,99131392,gateway-bench-3,1.48,15.49,13.537841043027584,5,268237,26864640,197993255,0,274,65375,6,266749142,267587584
82051072,26136576,0,99131392,gateway-bench-3,1.48,15.6,13.638572075025877,5,268237,24681472,199702870,0,276,65794,6,268458807,269299712
82051072,32366592,0,100843520,gateway-bench-3,1.5,15.7,13.739231073006522,6,268237,30895104,199702870,0,276,68166,6,278161954,279015424
82051072,35450880,0,100843520,gateway-bench-3,1.51,15.81,13.840027026017196,5,268237,33995776,201412485,0,278,70392,6,287264572,288133120
82051072,40267776,0,100843520,gateway-bench-3,1.52,15.92,13.941063269012375,5,268237,38796288,203122100,0,280,70810,6,288974187,289845248
82051072,26370048,0,102555648,gateway-bench-3,1.53,16.02,14.042298483022023,6,268237,24898560,203122100,0,280,74908,6,305736978,306630656
82051072,40153088,0,102555648,gateway-bench-3,1.54,16.13,14.143318976013688,5,268237,38689792,204831715,0,282,76662,6,312908797,313815040
82051072,38293504,0,102555648,gateway-bench-3,1.56,16.24,14.244070657005068,5,268237,36822016,206541330,0,284,77082,6,314618521,315527168
82051072,37126144,0,104267776,gateway-bench-3,1.57,16.34,14.344800267019309,5,268237,35654656,208250945,0,286,77918,6,318037751,318951424
82051072,38944768,0,104267776,gateway-bench-3,1.58,16.45,14.446003121003741,6,268237,37473280,209960560,0,288,78654,6,321049894,321966080
82051072,30044160,0,105979904,gateway-bench-3,1.59,16.55,14.546790648018941,5,268237,28572672,211670175,0,290,82934,6,338553131,339496960
82051072,26370048,0,105979904,gateway-bench-3,1.6,16.66,14.647441721026553,5,268237,24931328,213379790,0,292,83352,6,340262746,341209088
82051072,43438080,0,107692032,gateway-bench-3,1.61,16.77,14.7481379689998,6,268237,42056704,213379790,0,292,85226,6,347928598,348884992
82051072,26451968,0,107692032,gateway-bench-3,1.63,16.87,14.849070187017787,5,268237,25107456,215089405,0,294,89204,6,364197356,365178880
82051072,29347840,0,107692032,gateway-bench-3,1.64,16.98,14.949811889004195,5,268237,27876352,216799020,0,296,89624,6,365907080,366891008
82051072,36864000,0,109404160,gateway-bench-3,1.65,17.08,15.050850606028689,5,268237,35392512,218508635,0,298,90460,6,369326310,370315264
82051072,38588416,0,109404160,gateway-bench-3,1.66,17.19,15.152153166010976,5,268237,37141504,220218250,0,300,90878,6,371035925,372027392
82051072,25821184,0,111116288,gateway-bench-3,1.67,17.28,15.252997981006047,6,268237,24349696,220218250,0,300,94666,6,386528956,387543040
82051072,37773312,0,111116288,gateway-bench-3,1.68,17.38,15.353743951010983,5,268237,36342784,221927865,0,302,96730,6,394970535,395997184
82051072,45211648,0,111116288,gateway-bench-3,1.69,17.49,15.454602942016209,5,268237,43740160,225357488,0,305,97570,6,398400217,399429632
82051072,61624320,0,111116288,gateway-bench-3,1.7,17.59,15.556020758027444,6,268237,60152832,225357488,0,305,98337,6,401541849,402571264
82051072,55042048,0,114548736,gateway-bench-3,1.71,17.7,15.65722969302442,5,268237,53570560,228787103,0,307,99246,6,405259447,406294528
82051072,33030144,0,114548736,gateway-bench-3,1.72,17.8,15.758934505021898,6,268237,31599616,228787103,0,307,100009,6,408380649,409415680
82051072,59379712,0,114548736,gateway-bench-3,1.73,17.91,15.860199004004244,5,268237,57908224,232216718,0,309,100085,6,408689112,409726976
82051072,69132288,0,117981184,gateway-bench-3,1.74,18.01,15.961369938013377,5,268237,67660800,232216718,0,309,102599,6,418977957,420024320
82051072,33787904,0,117981184,gateway-bench-3,1.76,18.1,16.063568432000466,5,268237,32332800,235646333,0,311,105951,6,432696417,433754112
82051072,57417728,0,117981184,gateway-bench-3,1.77,18.21,16.164319863019045,5,268237,55946240,235646333,0,311,105951,6,432696417,433754112
82051072,36945920,0,117981184,gateway-bench-3,1.78,18.31,16.266165798006114,5,268237,35494912,239075948,0,313,106791,6,436126141,437186560
82051072,59404288,0,117981184,gateway-bench-3,1.79,18.43,16.367386636004085,5,268237,57932800,239075948,0,313,106791,6,436126141,437186560
82051072,43429888,0,121413632,gateway-bench-3,1.79,18.53,16.469277014024556,5,268237,41991168,242505563,0,315,108467,6,442985371,444051456
82051072,61652992,0,121413632,gateway-bench-3,1.8,18.64,16.570231454010354,5,268237,60181504,242505563,0,315,108467,6,442985371,444051456
82051072,41054208,0,121413632,gateway-bench-3,1.82,18.76,16.671462190017337,5,268237,39595008,245935178,0,317,109305,6,446414986,447483904
82051072,60076032,0,121413632,gateway-bench-3,1.83,18.87,16.77239708302659,5,268237,58604544,245935178,0,317,109305,6,446414986,447483904
82051072,37687296,0,124846080,gateway-bench-3,1.84,18.97,16.87431490200106,5,268237,37596160,245935178,0,317,113516,6,463649077,464732160
82051072,39129088,0,124846080,gateway-bench-3,1.86,19.08,16.97602554500918,5,268237,38710272,249364793,0,319,115171,6,470422291,471511040
82051072,55214080,0,124846080,gateway-bench-3,1.86,19.18,17.077442469017114,5,268237,53742592,249364793,0,319,115171,6,470422291,471511040
82051072,37486592,0,124846080,gateway-bench-3,1.88,19.29,17.179164333007066,5,268237,36031488,252794408,0,321,116011,6,473852015,474943488
82051072,60637184,0,124846080,gateway-bench-3,1.89,19.41,17.28053357702447,5,268237,59165696,252794408,0,321,116011,6,473852015,474943488
82051072,70225920,0,128278528,gateway-bench-3,1.89,19.51,17.38229619699996,5,268237,68754432,256224023,0,323,117687,6,480711245,481808384
82051072,63197184,0,128278528,gateway-bench-3,1.89,19.62,17.48440373101039,5,268237,61725696,256224023,0,323,117687,6,480711245,481808384
82051072,43122688,0,128278528,gateway-bench-3,1.91,19.74,17.586473124014447,5,268237,41651200,259653646,0,326,118526,6,484140868,485240832
82051072,59465728,0,128278528,gateway-bench-3,1.91,19.85,17.68796605002717,6,268237,57994240,259653646,0,326,119049,6,486283076,487383040
82051072,36859904,0,131710976,gateway-bench-3,1.92,19.96,17.789921150018927,5,268237,35429376,259653646,0,326,123554,6,504718558,505835520
82051072,50311168,0,131710976,gateway-bench-3,1.93,20.06,17.891336570028216,5,268237,48839680,263083261,0,328,124392,6,508148173,509267968
82051072,64061440,0,131710976,gateway-bench-3,1.94,20.17,17.99244418600574,5,268237,62589952,263083261,0,328,124392,6,508148173,509267968
82051072,22560768,0,131883008,gateway-bench-3,1.95,20.27,18.094610480009578,5,268237,21089280,269225365,0,400,124520,6,508660124,509784064
82051072,21741568,0,132055040,gateway-bench-3,1.95,20.37,18.195345660002204,5,268237,20270080,276049925,0,480,124604,6,509001352,510128128
82051072,22753280,0,132399104,gateway-bench-3,1.96,20.48,18.29649511401658,5,268237,21281792,282021415,0,550,124774,6,509683917,510816256
82051072,22478848,0,132399104,gateway-bench-3,1.96,20.58,18.397436730010668,5,268237,21023744,287651677,0,616,124774,6,509683917,510816256
82051072,22175744,0,132743168,gateway-bench-3,1.97,20.68,18.498286394024035,5,268237,20704256,293452553,0,684,124944,6,510366482,511504384
82051072,24850432,0,132915200,gateway-bench-3,1.98,20.78,18.599166054016678,6,268237,23395328,298059131,0,738,125395,6,512208323,513347584
82051072,38543360,0,132915200,gateway-bench-3,1.99,20.89,18.699856911000097,5,268237,37071872,301478361,0,742,125405,6,512246770,513388544
82051072,34070528,0,134627328,gateway-bench-3,2.0,20.99,18.801247546012746,5,268237,32640000,303187976,0,744,125823,6,513956385,515100672
82051072,35999744,0,134627328,gateway-bench-3,2.02,21.09,18.902472802001284,5,268237,34528256,304897591,0,746,126242,6,515666050,516812800
82051072,38002688,0,134627328,gateway-bench-3,2.03,21.2,19.00360447302228,5,268237,36531200,308316821,0,750,126242,6,515666050,516812800
82051072,31948800,0,136339456,gateway-bench-3,2.03,21.31,19.104939873999683,5,268237,30702592,313445666,0,756,126660,6,517375665,518524928
82051072,35356672,0,136339456,gateway-bench-3,2.05,21.42,19.205760263022967,5,268237,33885184,315155281,0,758,127080,6,519085389,520237056
82051072,40689664,0,136339456,gateway-bench-3,2.05,21.52,19.307049589027883,6,268237,39218176,316864896,0,760,127205,6,519597389,520749056
82051072,43069440,0,138051584,gateway-bench-3,2.07,21.62,19.40805892102071,5,268237,41606144,318574511,0,762,127498,6,520795004,521949184
82051072,39186432,0,138051584,gateway-bench-3,2.07,21.73,19.50898420601152,5,268237,37714944,320284126,0,764,127916,6,522504619,523661312
82051072,30375936,0,138051584,gateway-bench-3,2.08,21.83,19.609937954024645,5,268237,28990464,327122586,0,772,127916,6,522504619,523661312
82051072,39391232,0,139763712,gateway-bench-3,2.09,21.94,19.71113226201851,5,268237,37919744,328832201,0,774,128334,6,524214234,525373440
82051072,34492416,0,139763712,gateway-bench-3,2.1,22.04,19.812002675025724,5,268237,33020928,330541816,0,776,128752,6,525923849,527085568
82051072,42397696,0,139763712,gateway-bench-3,2.11,22.14,19.912742373009678,5,268237,40926208,335670661,0,782,128752,6,525923849,527085568
82051072,33849344,0,141475840,gateway-bench-3,2.12,22.25,20.014324506017147,5,268237,32377856,340799506,0,788,129170,6,527633464,528797696
82051072,33042432,0,141475840,gateway-bench-3,2.13,22.35,20.11548582202522,5,268237,31570944,342509121,0,790,129590,6,529343188,530509824
82051072,42414080,0,141475840,gateway-bench-3,2.14,22.46,20.216823669004953,5,268237,40958976,344218736,0,792,129590,6,529343188,530509824
82051072,38010880,0,143187968,gateway-bench-3,2.15,22.56,20.31836156800273,5,268237,36539392,345928351,0,794,130008,6,531052803,532221952
82051072,39972864,0,143187968,gateway-bench-3,2.16,22.67,20.41960746300174,5,268237,38501376,347637966,0,796,130426,6,532762418,533934080
82051072,36818944,0,143187968,gateway-bench-3,2.16,22.78,20.520902409014525,5,268237,35347456,354476426,0,804,130426,6,532762418,533934080
82051072,39649280,0,144900096,gateway-bench-3,2.18,22.88,20.622223723999923,5,268237,38210560,356186041,0,806,130844,6,534472033,535646208
82051072,36929536,0,144900096,gateway-bench-3,2.19,22.99,20.723489074007375,5,268237,35470336,359615656,0,808,131683,6,537901707,539078656
82051072,65568768,0,144900096,gateway-bench-3,2.2,23.11,20.824721253011376,5,268237,64154624,359615656,0,808,131683,6,537901707,539078656
82051072,64339968,0,144900096,gateway-bench-3,2.21,23.21,20.926886594999814,6,268237,62868480,363045271,0,810,132052,6,539413131,540590080
82051072,63602688,0,148332544,gateway-bench-3,2.22,23.32,21.029022422007984,5,268237,62237696,366474886,0,812,132521,6,541331322,542511104
82051072,39661568,0,148332544,gateway-bench-3,2.23,23.42,21.130990376026602,5,268237,38239232,369904501,0,814,133360,6,544760987,545943552
82051072,58155008,0,148332544,gateway-bench-3,2.24,23.53,21.232364790019346,5,268237,56683520,369904501,0,814,133360,6,544760987,545943552
82051072,72581120,0,148332544,gateway-bench-3,2.25,23.63,21.33423962900997,5,268237,71109632,376763731,0,818,133360,6,544760987,545943552
82051072,41381888,0,151764992,gateway-bench-3,2.26,23.74,21.436438294011168,5,268237,39971840,380193346,0,820,134198,6,548190602,549376000
82051072,57905152,0,151764992,gateway-bench-3,2.27,23.85,21.53796868000063,5,268237,56433664,380193346,0,820,134198,6,548190602,549376000
82051072,47304704,0,151764992,gateway-bench-3,2.28,23.96,21.63995737201185,5,268237,45833216,383622961,0,822,135036,6,551620217,552808448
82051072,63766528,0,151764992,gateway-bench-3,2.28,24.08,21.741508036007872,5,268237,62307328,387052576,0,824,135036,6,551620217,552808448
82051072,42287104,0,151764992,gateway-bench-3,2.29,24.19,21.84342153702164,5,268237,40823808,393911806,0,828,135036,6,551620217,552808448
82051072,40513536,0,155197440,gateway-bench-3,2.3,24.29,21.94435982700088,5,268237,39042048,397341421,0,830,135874,6,555049832,556240896
82051072,56070144,0,155197440,gateway-bench-3,2.31,24.39,22.04579409302096,5,268237,54598656,397341421,0,830,135874,6,555049832,556240896
82051072,30011392,0,155197440,gateway-bench-3,2.32,24.5,22.147498594014905,5,268237,28539904,400771036,0,832,136714,6,558479556,559673344
82051072,55599104,0,155197440,gateway-bench-3,2.33,24.62,22.248718700022437,5,268237,54152192,400771036,0,832,136714,6,558479556,559673344
82051072,43073536,0,155197440,gateway-bench-3,2.34,24.73,22.350608998007374,5,268237,41602048,404200651,0,834,136714,6,558479556,559673344
82051072,41512960,0,158629888,gateway-bench-3,2.35,24.83,22.452129095006967,5,268237,40164352,407630266,0,836,137552,6,561909171,563105792
82051072,46731264,0,158629888,gateway-bench-3,2.36,24.94,22.553544667025562,5,268237,46201856,407630266,0,836,137552,6,561909171,563105792
82051072,54140928,0,158629888,gateway-bench-3,2.37,25.05,22.65531757500139,5,268237,52694016,411059897,0,840,138392,6,565338802,566538240
82051072,60997632,0,158629888,gateway-bench-3,2.37,25.16,22.757094402011717,5,268237,59526144,414489512,0,842,138392,6,565338802,566538240
82051072,39489536,0,162062336,gateway-bench-3,2.39,25.26,22.85912657500012,5,268237,38018048,421348742,0,846,139230,6,568768417,569970688
82051072,48041984,0,162062336,gateway-bench-3,2.39,25.37,22.96061099501094,5,268237,46611456,421348742,0,846,139230,6,568768417,569970688
82051072,27897856,0,162062336,gateway-bench-3,2.4,25.47,23.062309595028637,6,268237,26442752,421348742,0,846,139843,6,571279265,572481536
82051072,44122112,0,162062336,gateway-bench-3,2.42,25.59,23.163179737020982,5,268237,42650624,424778357,0,848,140068,6,572198032,573403136
82051072,55771136,0,162062336,gateway-bench-3,2.42,25.69,23.264102287008427,5,268237,54299648,428207972,0,850,140068,6,572198032,573403136
82051072,47652864,0,162062336,gateway-bench-3,2.43,25.79,23.365852584014647,5,268237,46181376,435067202,0,854,140068,6,572198032,573403136
82051072,39477248,0,165494784,gateway-bench-3,2.44,25.9,23.46745175801334,5,268237,38906880,438496817,0,856,140906,6,575627647,576835584
82051072,60362752,0,165494784,gateway-bench-3,2.44,26.02,23.568876126024406,5,268237,58891264,438496817,0,856,140906,6,575627647,576835584
82051072,36716544,0,165494784,gateway-bench-3,2.46,26.13,23.670811960007995,5,268237,35273728,441926432,0,858,141746,6,579057371,580268032
82051072,60055552,0,165494784,gateway-bench-3,2.46,26.24,23.772070558014093,5,268237,58584064,441926432,0,858,141746,6,579057371,580268032
82051072,66981888,0,168927232,gateway-bench-3,2.47,26.35,23.87397818802856,5,268237,55024640,448785662,0,862,142584,6,582486986,583700480
82051072,49160192,0,168927232,gateway-bench-3,2.48,26.46,23.975875780015485,5,268237,47713280,448785662,0,862,142584,6,582486986,583700480
82051072,32673792,0,168927232,gateway-bench-3,2.49,26.56,24.07751860600547,5,268237,31841280,452215277,0,864,143422,6,585916601,587132928
82051072,53018624,0,168927232,gateway-bench-3,2.5,26.68,24.178767486009747,5,268237,51547136,452215277,0,864,143422,6,585916601,587132928
82051072,62222336,0,168927232,gateway-bench-3,2.5,26.79,24.27984613800072,5,268237,60750848,459074507,0,868,143422,6,585916601,587132928
82051072,39858176,0,172359680,gateway-bench-3,2.51,26.91,24.381024676025845,5,268237,39717888,462504122,0,870,144260,6,589346216,590565376
82051072,41713664,0,172359680,gateway-bench-3,2.51,27.02,24.482007589016575,5,268237,37620736,462504122,0,870,144260,6,589346216,590565376
82051072,51191808,0,172359680,gateway-bench-3,2.52,27.14,24.582978259015363,5,268237,49720320,465933737,0,872,145098,6,592775831,593997824
82051072,73043968,0,172359680,gateway-bench-3,2.53,27.24,24.684605826012557,5,268237,71572480,469363352,0,874,145098,6,592775831,593997824
82051072,35151872,0,172359680,gateway-bench-3,2.54,27.35,24.785939625027822,5,268237,33680384,476222582,0,878,145098,6,592775831,593997824
82051072,47468544,0,175792128,gateway-bench-3,2.55,27.46,24.886777457024436,5,268237,46300160,479652197,0,880,145936,6,596205446,597430272
233472,233472,0,0,event-only-bench-3,0.0,0.0,0.0005311330023687333,4,268354,301056,3020,0,7,0,1,0,0
20135936,19075072,0,1974272,event-only-bench-3,0.01,0.09,0.10088772501330823,5,268354,17607680,993672,4096,16,48,6,13808547,13824000
20529152,18927616,0,2961408,event-only-bench-3,0.02,0.21,0.20143853101762943,5,268354,17456128,1979983,4096,18,96,6,29589523,29618176
20529152,19787776,0,3948544,event-only-bench-3,0.02,0.32,0.30208170900004916,5,268354,18316288,3952605,4096,22,140,6,43397979,43438080
21135360,19968000,0,4935680,event-only-bench-3,0.03,0.43,0.40258879301836714,5,268354,18496512,4938916,4096,24,197,6,62137888,62193664
21135360,18227200,0,5922816,event-only-bench-3,0.04,0.53,0.5030836340156384,6,268354,16755712,4938916,8192,24,251,6,79891486,79962112
21135360,19599360,0,7897088,event-only-bench-3,0.05,0.65,0.6036171370069496,6,268354,18643968,6911538,8192,28,286,6,90741009,90820608
21614592,17690624,0,7897088,event-only-bench-3,0.06,0.76,0.7040978320001159,6,268354,16226304,7897849,8192,30,331,6,105535674,105627648
21614592,18780160,0,8884224,event-only-bench-3,0.08,0.86,0.8048274610191584,5,268354,17307648,7897849,8192,30,394,6,126248205,126357504
33964032,33964032,0,8884224,event-only-bench-3,0.08,0.98,0.9054661910049617,5,268354,32783360,8884160,8192,32,398,6,127234575,127344640
85151744,85151744,0,8884224,event-only-bench-3,0.1,1.08,1.0062660720141139,5,268354,83680256,18762478,8192,34,401,6,137112893,137224192
85327872,85327872,0,8884224,event-only-bench-3,0.1,1.19,1.107717560022138,5,268354,84016128,18762478,8192,34,401,6,137112893,137224192
85401600,39596032,0,18763776,event-only-bench-3,0.12,1.33,1.2103516280185431,6,268354,38157312,18762478,8192,34,402,6,137112936,137224192
109404160,109404160,0,18763776,event-only-bench-3,0.13,1.44,1.3117182480054908,6,268354,108006400,18762478,8192,34,405,6,146991254,147103744
110886912,110886912,0,28643328,event-only-bench-3,0.14,1.54,1.4146745380130596,5,268354,110476288,28640796,8192,36,408,6,156869572,156983296
128196608,27770880,0,28643328,event-only-bench-3,0.16,1.65,1.5165097840072121,5,268354,26299392,28640796,8192,36,410,6,156869674,156987392
128196608,72581120,0,28643328,event-only-bench-3,0.18,1.78,1.6173078210267704,6,268354,71109632,28640796,8192,36,410,6,156869674,156987392
128196608,93265920,0,28643328,event-only-bench-3,0.18,1.87,1.718547804019181,5,268354,93027328,38519114,8192,38,413,6,166747992,166866944
128196608,28393472,0,38522880,event-only-bench-3,0.2,2.0,1.8200853840098716,5,268354,27151360,38519114,8192,38,413,6,166747992,166866944
128196608,82280448,0,38522880,event-only-bench-3,0.21,2.11,1.9208224770263769,6,268354,80808960,38519114,8192,38,416,6,176626310,176746496
128196608,119951360,0,48402432,event-only-bench-3,0.22,2.21,2.0223736120096873,5,268354,118479872,48397432,8192,40,419,6,186504628,186626048
128434176,56352768,0,48402432,event-only-bench-3,0.23,2.33,2.124268519022735,5,268354,54881280,48397432,8192,40,421,6,186504730,186626048
128434176,67346432,0,48402432,event-only-bench-3,0.25,2.45,2.225419706024695,6,268354,69086208,48397440,8192,41,422,6,186504738,186626048
128434176,87998464,0,48402432,event-only-bench-3,0.26,2.55,2.326823185023386,5,268354,86526976,58275758,8192,43,425,6,196383056,196505600
128434176,29229056,0,58281984,event-only-bench-3,0.27,2.67,2.428446514008101,5,268354,27851776,58275758,8192,43,425,6,196383056,196505600
128434176,77434880,0,58281984,event-only-bench-3,0.3,2.79,2.5297013650124427,6,268354,80628736,58275758,8192,43,425,6,196383056,196505600
128434176,95289344,0,68161536,event-only-bench-3,0.3,2.89,2.632240866019856,5,268354,93817856,68154076,8192,45,431,6,216139692,216264704
128434176,102277120,0,68161536,event-only-bench-3,0.31,3.01,2.7338362640002742,5,268354,100813824,68154076,8192,45,431,6,216139692,216264704
20480,20480,0,0,http-matrix-3,0.0,0.0,0.0005204619956202805,3,268385,271360,3020,0,7,0,1,0,0
16777216,16437248,0,536576,http-matrix-3,0.01,0.1,0.10091541698784567,5,268385,15072256,253541,0,251,2686,6,15299291,15417344
16777216,16183296,0,536576,http-matrix-3,0.03,0.19,0.20157908299006522,5,268385,14711808,267669,4096,483,5238,6,33007881,33234944
22204416,22204416,0,2207744,http-matrix-3,0.04,0.3,0.3022038369963411,5,268385,20732928,575972,4096,529,8729,6,47626682,47882240
22245376,22245376,0,2207744,http-matrix-3,0.05,0.4,0.40279376500984654,6,268385,20773888,578446,4096,569,12981,6,65684492,65974272
23207936,22650880,0,2207744,http-matrix-3,0.06,0.51,0.5036200960166752,6,268385,21179392,581174,4096,613,17040,6,82956868,83275776
23207936,21708800,0,2207744,http-matrix-3,0.07,0.61,0.6044720440113451,6,268385,20237312,583906,4096,657,21411,6,101507746,101855232
26943488,25120768,0,3948544,http-matrix-3,0.09,0.72,0.7052857099915855,5,268385,23649280,2257841,4096,679,23794,6,111543557,111898624
26943488,25268224,0,3948544,http-matrix-3,0.11,0.82,0.8058968179975636,6,268385,23845888,2260127,4096,715,27671,6,128644302,129011712
26943488,25866240,0,3948544,http-matrix-3,0.13,0.92,0.9067891919985414,6,268385,24439808,2262667,4096,755,31672,6,146256173,146628608
26943488,25182208,0,3948544,http-matrix-3,0.14,1.02,1.0073601249896456,5,268385,23710720,2265461,4096,799,35674,6,163875362,164270080
26943488,24662016,0,3948544,http-matrix-3,0.16,1.12,1.108319635008229,6,268385,23190528,2268009,4096,840,39775,6,182029638,182460416
26943488,24272896,0,3948544,http-matrix-3,0.18,1.21,1.2092524839972612,6,268385,22801408,2270549,4096,880,43851,6,199961634,200425472
26943488,24240128,0,3948544,http-matrix-3,0.19,1.31,1.3101626909920014,6,268385,22768640,2273089,8192,920,47709,6,217000702,217497600
26943488,24772608,0,3948544,http-matrix-3,0.2,1.43,1.4110668770154007,6,268385,23301120,2275629,8192,960,51631,6,234301914,234831872
28295168,27975680,0,3948544,http-matrix-3,0.21,1.53,1.511961334006628,5,268385,25091072,4022712,8192,984,54054,6,244201487,244748288
29986816,29986816,0,7229440,http-matrix-3,0.22,1.64,1.6126083199924324,6,268385,28515328,4023856,8192,1002,58030,6,260832788,261394432
29786112,29786112,0,7229440,http-matrix-3,0.24,1.74,1.713305307988776,6,268385,28318720,4025136,8192,1022,62481,6,279355529,279932928
30814208,29220864,0,7229440,http-matrix-3,0.25,1.84,1.8143552360124886,6,268385,27749376,4026672,8192,1046,67004,6,298233286,298827776
30814208,30142464,0,7229440,http-matrix-3,0.26,1.95,1.9150965280132368,6,268385,28670976,4027952,8192,1066,71142,6,315477004,316084224
30814208,30547968,0,7229440,http-matrix-3,0.27,2.05,2.015824905014597,5,268385,29076480,4029488,8192,1090,75303,6,332815841,333434880
30814208,30031872,0,7229440,http-matrix-3,0.28,2.16,2.1166662239993457,6,268385,28560384,4030768,8192,1110,79670,6,351057891,351690752
30814208,30031872,0,7229440,http-matrix-3,0.3,2.26,2.2176416930160485,6,268385,28560384,4032312,8192,1135,84109,6,369590631,370237440
36483072,36483072,0,7229440,http-matrix-3,0.3,2.37,2.3187586159911007,5,268385,35392512,7315618,8192,1147,86404,6,378786967,379437056
37163008,30539776,0,10579968,http-matrix-3,0.32,2.47,2.41958658900694,6,268385,29068288,7316262,8192,1157,89467,6,391812218,392470528
37163008,30105600,0,10579968,http-matrix-3,0.33,2.58,2.520675690990174,6,268385,28634112,7317810,8192,1181,93874,6,410594897,411258880
37163008,32391168,0,10579968,http-matrix-3,0.34,2.68,2.621402243996272,6,268385,30919680,7319100,8192,1201,98223,6,429019586,429686784
37163008,32456704,0,10579968,http-matrix-3,0.36,2.78,2.7225940880016424,6,268385,30985216,7320654,8192,1225,102599,6,447678919,448348160
37163008,32235520,0,10579968,http-matrix-3,0.37,2.88,2.823344125004951,6,268385,30764032,7322214,8192,1249,107006,6,466467208,467144704
37163008,30339072,0,10579968,http-matrix-3,0.37,2.99,2.9245448950096034,6,268385,28867584,7323514,8192,1269,111417,6,485150524,485847040
37163008,32796672,0,10579968,http-matrix-3,0.38,3.1,3.025694679992739,6,268385,31325184,7325074,8192,1293,115598,6,502891129,503607296
37163008,30928896,0,10579968,http-matrix-3,0.39,3.2,3.126462801999878,6,268385,29457408,7326374,8192,1313,119797,6,520834736,521568256
37163008,30953472,0,10579968,http-matrix-3,0.4,3.3,3.227232917008223,6,268385,29481984,7327674,8192,1333,124249,6,539689838,540438528
37163008,30973952,0,10579968,http-matrix-3,0.41,3.41,3.327960622991668,6,268385,29502464,7329234,8192,1357,128652,6,558468178,559235072
37163008,31961088,0,10579968,http-matrix-3,0.43,3.51,3.4287021750060376,6,268385,30489600,7330794,8192,1381,132956,6,576715066,577499136
37163008,31297536,0,10579968,http-matrix-3,0.44,3.59,3.529461580008501,6,268385,29826048,7331834,8192,1397,136367,6,591308238,592105472
37163008,30904320,0,10579968,http-matrix-3,0.45,3.66,3.6301912700000685,5,268385,29432832,7332614,8192,1409,139268,6,603560554,604368896
37163008,31436800,0,10579968,http-matrix-3,0.46,3.73,3.730916792002972,5,268385,29965312,7333654,8192,1425,142424,6,616983298,617803776
37163008,31690752,0,10579968,http-matrix-3,0.47,3.79,3.8316521820088383,6,268385,30219264,7334702,8192,1442,145319,6,629334904,630165504
37163008,31100928,0,10579968,http-matrix-3,0.48,3.86,3.932405455998378,6,268385,29629440,7335742,8192,1458,148401,6,642454544,643297280
37163008,33140736,0,10579968,http-matrix-3,0.49,3.94,4.033119536994491,5,268385,31669248,10692078,8192,1470,150477,6,650566700,651419648
39882752,17928192,0,11116544,http-matrix-3,0.5,4.03,4.133860436995747,6,268385,16137216,10935838,8192,1642,152462,6,661145430,662061056
39882752,17379328,0,11116544,http-matrix-3,0.51,4.13,4.234681007015752,6,268385,15907840,10949200,8192,1846,154721,6,676749825,677789696
39882752,20934656,0,11116544,http-matrix-3,0.53,4.22,4.335179866000544,6,268385,19463168,11261879,8192,1956,156788,6,687946954,689033216
39882752,23470080,0,12787712,http-matrix-3,0.54,4.33,4.435708459990565,6,268385,21998592,11264499,8192,1996,160732,6,704681088,705802240
39882752,22593536,0,12787712,http-matrix-3,0.55,4.41,4.536295642988989,6,268385,21122048,11266595,8192,2028,163832,6,717846124,718991360
39882752,22974464,0,12787712,http-matrix-3,0.56,4.49,4.636865003005369,6,268385,21502976,11268691,8192,2060,166964,6,731145202,732311552
39882752,23179264,0,12787712,http-matrix-3,0.57,4.55,4.737426839012187,6,268385,21707776,11270525,8192,2088,169804,6,743189736,744374272
39882752,23683072,0,12787712,http-matrix-3,0.58,4.63,4.8381727790110745,5,268385,22211584,12944894,8192,2116,172289,6,753398865,754597888
39882752,26943488,0,14528512,http-matrix-3,0.6,4.73,4.938762317993678,6,268385,25472000,12946597,8192,2142,175326,6,766803158,768012288
39882752,24199168,0,14528512,http-matrix-3,0.61,4.83,5.039457603008486,6,268385,22727680,12948955,8192,2178,178938,6,782695650,783912960
39882752,24051712,0,14528512,http-matrix-3,0.63,4.91,5.140077176998602,6,268385,22580224,12950789,8192,2206,181774,6,795168741,796389376
39882752,25886720,0,14528512,http-matrix-3,0.64,4.98,5.240766341012204,5,268385,24443904,12952623,8192,2234,184170,6,805717054,806940672
39882752,24424448,0,14528512,http-matrix-3,0.66,5.06,5.341427562991157,6,268385,22952960,12954457,8192,2262,187338,6,819678362,820932608
39882752,24227840,0,14528512,http-matrix-3,0.67,5.15,5.442098082014127,6,268385,22756352,12956553,8192,2294,190325,6,832903927,834183168
39882752,25100288,0,14528512,http-matrix-3,0.68,5.22,5.54308740599663,6,268385,23628800,12958387,8192,2322,193156,6,845365393,846667776
39882752,25763840,0,14528512,http-matrix-3,0.69,5.31,5.643748066999251,6,268385,24292352,12960221,8192,2350,196050,6,858082629,859410432
39882752,25194496,0,14528512,http-matrix-3,0.7,5.39,5.744620854995446,6,268385,23739392,12962055,8192,2378,198801,6,870218693,871567360
39882752,25354240,0,14528512,http-matrix-3,0.72,5.48,5.845569753990276,6,268385,23882752,12964151,8192,2410,201968,6,884180085,885555200
39882752,24485888,0,14528512,http-matrix-3,0.73,5.57,5.946499637997476,5,268385,23014400,14711540,8192,2438,204528,6,894768543,896167936
39882752,27959296,0,17809408,http-matrix-3,0.75,5.67,6.047376823000377,6,268385,26487808,14711933,8192,2444,206137,6,901526321,902930432
39882752,32227328,0,17809408,http-matrix-3,0.76,5.77,6.1483148020051885,6,268385,30755840,14713243,8192,2464,210318,6,918942372,920363008
39882752,30515200,0,17809408,http-matrix-3,0.77,5.88,6.249378205015091,6,268385,29043712,14714553,8192,2484,214472,6,936249151,937684992
39882752,30322688,0,17809408,http-matrix-3,0.79,5.97,6.349997868994251,6,268385,28859392,14715863,8192,2504,218130,6,951525689,952975360
39882752,30281728,0,17809408,http-matrix-3,0.8,6.05,6.450674900988815,6,268385,28810240,14716911,8192,2520,221288,6,964696543,966156288
39882752,30257152,0,17809408,http-matrix-3,0.8,6.13,6.551379854005063,5,268385,28785664,14717697,8192,2532,224204,6,976817632,978284544
39882752,30584832,0,17809408,http-matrix-3,0.81,6.21,6.651998346002074,5,268385,29113344,14718745,8192,2548,227352,6,989948296,991424512
39882752,30830592,0,17809408,http-matrix-3,0.82,6.3,6.752661901991814,6,268385,29359104,14719795,8192,2564,230429,6,1002788278,1004273664
39882752,30191616,0,17809408,http-matrix-3,0.84,6.36,6.853347650001524,5,268385,28720128,14720859,8192,2580,233648,6,1016209624,1017704448
39882752,30101504,0,17809408,http-matrix-3,0.85,6.43,6.953994996001711,6,268385,28630016,14721923,8192,2596,236273,6,1027198214,1028702208
39882752,25096192,0,17809408,http-matrix-3,0.86,6.55,7.054669934004778,6,268385,23624704,18004722,8192,2600,237231,6,1030916663,1032421376
39882752,32272384,0,21159936,http-matrix-3,0.87,6.65,7.155314775009174,6,268385,30800896,18005919,8192,2618,241212,6,1047828936,1049341952
39882752,32337920,0,21159936,http-matrix-3,0.89,6.75,7.255931223015068,6,268385,30866432,18007249,8192,2638,244864,6,1063397613,1064914944
39882752,31682560,0,21159936,http-matrix-3,0.9,6.85,7.356769656005781,6,268385,30211072,18008313,8192,2654,248321,6,1078046543,1079566336
39882752,30040064,0,21159936,http-matrix-3,0.92,6.94,7.458142688003136,6,268385,28568576,18009643,8192,2674,252429,6,1095485471,1097007104
39882752,30433280,0,21159936,http-matrix-3,0.93,7.01,7.559267745993566,6,268385,28961792,18010707,8192,2690,255138,6,1107072573,1108594688
39882752,32309248,0,21159936,http-matrix-3,0.94,7.08,7.660407491988735,5,268385,30837760,18011505,8192,2702,258182,6,1119907647,1121439744
39882752,30810112,0,21159936,http-matrix-3,0.95,7.16,7.761137491994305,6,268385,29338624,18012569,8192,2718,261323,6,1133267767,1134813184
39882752,29999104,0,21159936,http-matrix-3,0.96,7.25,7.8622385160124395,6,268385,28527616,18013633,8192,2734,264478,6,1146684105,1148243968
39882752,30695424,0,21159936,http-matrix-3,0.97,7.32,7.9633497089962475,6,268385,29223936,18014697,8192,2750,267193,6,1158299083,1159872512
39882752,32272384,0,21159936,http-matrix-3,0.97,7.4,8.064429162011947,5,268385,30800896,18015495,8192,2762,270017,6,1170235512,1171820544
39882752,32710656,0,21159936,http-matrix-3,0.98,7.47,8.16514200999518,5,268385,31239168,18016559,8192,2778,273173,6,1183658201,1185255424
39882752,30134272,0,21159936,http-matrix-3,0.99,7.53,8.265858986007515,6,268385,28662784,18017365,8192,2791,275274,6,1192633641,1194237952
39882752,32382976,0,21159936,http-matrix-3,1.01,7.62,8.366933749988675,6,268385,30911488,18018695,8192,2811,279090,6,1208883687,1210503168
39882752,31129600,0,21159936,http-matrix-3,1.02,7.69,8.467669291014317,6,268385,29658112,18019759,8192,2827,281929,6,1221007999,1222639616
39882752,30670848,0,21159936,http-matrix-3,1.02,7.76,8.56838064698968,5,268385,29199360,18020557,8192,2839,285009,6,1233993499,1235636224
39882752,30769152,0,21159936,http-matrix-3,1.03,7.83,8.669183833990246,6,268385,29297664,18021621,8192,2855,288054,6,1246963593,1248616448
39882752,30908416,0,21159936,http-matrix-3,1.04,7.91,8.769892193988198,6,268385,29436928,18022685,8192,2871,291126,6,1260042273,1261707264
39882752,30965760,0,21159936,http-matrix-3,1.05,7.97,8.870616533007706,6,268385,29494272,18023749,8192,2887,293906,6,1271924921,1273602048
39882752,31326208,0,21159936,http-matrix-3,1.06,8.05,8.971318010007963,5,268385,29854720,18024547,8192,2899,296844,6,1284328789,1286017024
39882752,32038912,0,21159936,http-matrix-3,1.07,8.11,9.071997997001745,6,268385,30567424,18025611,8192,2915,300000,6,1297751533,1299451904
39882752,38408192,0,21393408,http-matrix-3,1.07,8.21,9.172715855005663,6,268385,36936704,21382627,8192,2937,301126,6,1302057735,1303773184
40652800,17584128,0,21696512,http-matrix-3,1.1,8.3,9.27360464198864,5,268385,16112640,21631478,8192,3183,303900,6,1318260004,1320095744
40652800,17113088,0,21696512,http-matrix-3,1.11,8.38,9.374389053991763,5,268385,15641600,21642916,8192,3355,305836,6,1331697219,1333612544
40652800,22884352,0,23367680,http-matrix-3,1.12,8.47,9.474892330996227,6,268385,21412864,21953043,8192,3425,308820,6,1345126977,1347076096
40652800,21606400,0,23367680,http-matrix-3,1.14,8.56,9.575502738007344,6,268385,20134912,21955437,8192,3461,312341,6,1360072136,1362051072
40652800,22687744,0,23367680,http-matrix-3,1.15,8.64,9.676099859992974,5,268385,21216256,21957565,8192,3493,315589,6,1373844294,1375846400
40652800,23334912,0,23367680,http-matrix-3,1.16,8.7,9.776664230012102,6,268385,21863424,21959693,8192,3525,318407,6,1385857964,1387880448
40652800,22982656,0,23367680,http-matrix-3,1.17,8.78,9.877233059989521,5,268385,21511168,21961555,8192,3553,321499,6,1398934284,1400975360
40652800,20811776,0,23367680,http-matrix-3,1.19,8.87,9.977824121015146,6,268385,19401728,23635285,8192,3571,323162,6,1405835642,1407889408
40652800,24768512,0,25108480,http-matrix-3,1.2,8.98,10.078388991998509,6,268385,23297024,23637679,8192,3607,326916,6,1422306906,1424371712
40652800,23969792,0,25108480,http-matrix-3,1.21,9.06,10.179005279991543,6,268385,22498304,23640073,8192,3643,330474,6,1437979644,1440051200
40652800,24395776,0,25108480,http-matrix-3,1.22,9.15,10.279602583002998,5,268385,22924288,23641935,8192,3671,333456,6,1451049628,1453121536
40652800,24449024,0,25108480,http-matrix-3,1.22,9.23,10.380227426008787,5,268385,22977536,23643805,8192,3700,336229,6,1463264433,1465356288
40652800,25288704,0,25108480,http-matrix-3,1.23,9.3,10.480821583012585,6,268385,23817216,23645933,8192,3732,339205,6,1476443347,1478561792
40652800,24764416,0,25108480,http-matrix-3,1.24,9.37,10.581727240991313,6,268385,23292928,23647795,8192,3760,342013,6,1488810550,1490952192
40652800,24006656,0,25108480,http-matrix-3,1.25,9.45,10.682308693998493,6,268385,22535168,23649657,8192,3788,344729,6,1500800976,1502965760
40652800,23072768,0,25108480,http-matrix-3,1.25,9.53,10.782861554005649,6,268385,21601280,23651519,8192,3816,347577,6,1513332074,1515520000
40652800,23908352,0,25108480,http-matrix-3,1.27,9.61,10.883441253012279,5,268385,22436864,23653381,8192,3844,350485,6,1526106654,1528320000
40652800,23904256,0,25108480,http-matrix-3,1.27,9.7,10.983996135997586,6,268385,22432768,23655509,8192,3876,353514,6,1539505076,1541742592
40652800,24391680,0,25108480,http-matrix-3,1.29,9.78,11.08455783201498,6,268385,22952960,25402126,8192,3892,355047,6,1545568532,1547816960
40652800,30523392,0,28389376,http-matrix-3,1.3,9.88,11.185153161000926,6,268385,29051904,25403323,8192,3910,359491,6,1564060133,1566322688
40652800,31670272,0,28389376,http-matrix-3,1.31,9.98,11.285836002993165,6,268385,30198784,25404919,8192,3934,363702,6,1581658288,1583939584
40652800,31244288,0,28389376,http-matrix-3,1.32,10.06,11.386976289999438,6,268385,29772800,25405983,8192,3950,366862,6,1594836014,1597128704
40652800,30576640,0,28389376,http-matrix-3,1.33,10.13,11.488122167007532,5,268385,29105152,25406781,8192,3962,369957,6,1607689352,1609990144
40652800,30244864,0,28389376,http-matrix-3,1.34,10.21,11.588841849006712,6,268385,28773376,25407845,8192,3978,372848,6,1619766928,1622077440
40652800,30244864,0,28389376,http-matrix-3,1.35,10.28,11.689977858011844,6,268385,28773376,25408909,8192,3994,376156,6,1633552952,1635872768
40652800,31424512,0,28389376,http-matrix-3,1.36,10.35,11.79110924800625,6,268385,29953024,25409973,8192,4010,379384,6,1647011296,1649340416
40652800,29851648,0,28389376,http-matrix-3,1.37,10.42,11.892259032989386,6,268385,28380160,25411037,8192,4026,381934,6,1657692552,1660030976
40652800,30810112,0,28389376,http-matrix-3,1.38,10.49,11.993387577007525,6,268385,29338624,25412101,8192,4042,385287,6,1671662896,1674010624
40652800,31293440,0,28389376,http-matrix-3,1.39,10.56,12.094398071989417,5,268385,29821952,28695432,8192,4054,387353,6,1679921261,1682276352
41385984,33132544,0,31739904,http-matrix-3,1.4,10.68,12.195186502009165,6,268385,31661056,28695831,8192,4060,389655,6,1689707659,1692069888
41385984,35078144,0,31739904,http-matrix-3,1.42,10.78,12.296259633003501,6,268385,33606656,28697427,8192,4084,393707,6,1707035983,1709404160
41385984,35139584,0,31739904,http-matrix-3,1.43,10.87,12.397489917988423,6,268385,33717248,28698757,8192,4104,398039,6,1725390765,1727766528
41385984,34766848,0,31739904,http-matrix-3,1.44,10.94,12.498615997988963,6,268385,33295360,28699821,8192,4120,400889,6,1737554083,1739927552
41385984,34091008,0,31739904,http-matrix-3,1.46,11.01,12.599369111994747,6,268385,32619520,28700885,8192,4136,403963,6,1750635785,1753010176
41385984,32178176,0,31739904,http-matrix-3,1.47,11.08,12.700125130999368,5,268385,30706688,28701683,8192,4148,407079,6,1763765441,1766141952
41385984,33730560,0,31739904,http-matrix-3,1.48,11.15,12.800838941009715,6,268385,32267264,28702747,8192,4164,410051,6,1776432897,1778823168
41385984,36012032,0,31739904,http-matrix-3,1.49,11.22,12.901592604990583,6,268385,34540544,28703811,8192,4180,412885,6,1788533979,1790939136
41385984,31866880,0,31739904,http-matrix-3,1.5,11.3,13.002736249007285,6,268385,30395392,28704875,8192,4196,415915,6,1801438757,1803857920
41385984,32739328,0,31739904,http-matrix-3,1.51,11.37,13.103434109012596,5,268385,31267840,28705673,8192,4208,418914,6,1814091656,1816522752
41385984,35815424,0,31739904,http-matrix-3,1.52,11.44,13.204167946998496,5,268385,34343936,28706737,8192,4224,422070,6,1827514070,1829957632
41385984,33685504,0,31739904,http-matrix-3,1.52,11.51,13.305121204000898,6,268385,32214016,28707801,8192,4240,424876,6,1839505220,1841958912
41385984,35840000,0,31739904,http-matrix-3,1.53,11.58,13.406203171995003,5,268385,34368512,28708865,8192,4256,427593,6,1851003872,1853468672
41385984,33251328,0,31739904,http-matrix-3,1.54,11.66,13.506969180016313,6,268385,31779840,28709929,8192,4272,430773,6,1864650868,1867128832
41385984,33738752,0,31739904,http-matrix-3,1.55,11.73,13.607691456010798,5,268385,32267264,28710727,8192,4284,433905,6,1877849360,1880338432
41385984,35233792,0,31739904,http-matrix-3,1.56,11.79,13.708453666011337,6,268385,33762304,28711791,8192,4300,436877,6,1890520446,1893019648
41385984,36175872,0,31739904,http-matrix-3,1.57,11.86,13.809203232987784,6,268385,34704384,28712855,8192,4316,439580,6,1902087702,1904599040
41385984,31145984,0,31739904,http-matrix-3,1.58,11.93,13.91029675299069,5,268385,29674496,28713653,8192,4328,442584,6,1914761906,1917284352
41385984,33566720,0,31739904,http-matrix-3,1.6,11.99,14.010998379992088,6,268385,32099328,28714717,8192,4344,445717,6,1928092448,1930625024
41385984,35688448,0,31739904,http-matrix-3,1.61,12.06,14.111929234990384,6,268385,34266112,28715781,8192,4360,448881,6,1941547960,1944092672
41385984,36487168,0,31739904,http-matrix-3,1.62,12.12,14.212688511004671,5,268385,35015680,32072398,8192,4376,451425,6,1951701007,1954254848
94208,94208,0,0,PollWriteAmplificationGrowthBudget,0.0,0.0,0.0005029900057706982,3,268399,281600,3020,0,7,0,1,0,0
24444928,19689472,0,3538944,PollWriteAmplificationGrowthBudget,0.01,0.1,0.10092479400918819,5,268399,18249728,3541239,0,38,1733,6,7065919,7081984
86016,86016,0,0,HTTPLatencyBudget,0.0,0.0,0.0005215249839238822,3,268405,281600,3020,0,7,0,1,0,0
27901952,27901952,0,3280896,HTTPLatencyBudget,0.02,0.09,0.10092187899863347,6,268405,26430464,8155,0,27,3686,5,15377440,15392768
29560832,28889088,0,3280896,HTTPLatencyBudget,0.03,0.19,0.20155028899898753,6,268405,27417600,9567,0,52,8272,6,34507177,34541568
29560832,28950528,0,3280896,HTTPLatencyBudget,0.04,0.29,0.3022340330062434,6,268405,27479040,10749,0,72,12348,6,51495293,51544064
29560832,29179904,0,3280896,HTTPLatencyBudget,0.05,0.4,0.40331671299645677,6,268405,27708416,12177,0,96,16649,6,69465388,69529600
29716480,29716480,0,3280896,HTTPLatencyBudget,0.06,0.5,0.5040428159991279,6,268405,28244992,13375,0,116,21012,6,87631751,87707648
30232576,29065216,0,3280896,HTTPLatencyBudget,0.07,0.6,0.6047551230003592,6,268405,27593728,14579,0,136,24614,6,102681113,102768640
30232576,28823552,0,3280896,HTTPLatencyBudget,0.08,0.7,0.7056919699825812,6,268405,27352064,15799,0,156,29084,6,121285803,121384960
30232576,29380608,0,3280896,HTTPLatencyBudget,0.09,0.8,0.8067432699899655,5,268405,27913216,3299563,0,176,32352,6,134585794,134692864
36290560,27377664,0,6561792,HTTPLatencyBudget,0.11,0.9,0.9074428339954466,6,268405,25906176,3299935,0,182,34157,6,142134332,142245888
36290560,29667328,0,6561792,HTTPLatencyBudget,0.13,1.0,1.008181520999642,6,268405,28195840,3301175,0,202,38594,6,160599069,160727040
36290560,29671424,0,6561792,HTTPLatencyBudget,0.14,1.11,1.1088415700069163,6,268405,28199936,3302663,0,226,42982,6,178922876,179068928
36290560,28561408,0,6561792,HTTPLatencyBudget,0.14,1.19,1.209522538993042,5,268405,27089920,3303655,0,242,46522,6,193657388,193814528
36290560,30396416,0,6561792,HTTPLatencyBudget,0.15,1.26,1.3101986179826781,6,268405,28924928,3304647,0,258,49502,6,206099288,206266368
36290560,29544448,0,6561792,HTTPLatencyBudget,0.16,1.32,1.4109085910022259,6,268405,28072960,3305639,0,274,52120,6,217059017,217235456
36290560,29810688,0,6561792,HTTPLatencyBudget,0.17,1.38,1.5115509879833553,6,268405,28339200,3306631,0,290,55391,6,230693489,230879232
36290560,29417472,0,6561792,HTTPLatencyBudget,0.18,1.45,1.6122194839990698,5,268405,27945984,3307375,0,302,58327,6,242896553,243089408
36290560,30969856,0,6561792,HTTPLatencyBudget,0.2,1.51,1.7129051509837154,6,268405,29498368,3308367,0,318,61454,6,255941335,256143360
36290560,28880896,0,6561792,HTTPLatencyBudget,0.21,1.58,1.8135838749876712,6,268405,27409408,3309359,0,334,64529,6,268772991,268984320
38842368,24489984,0,6561792,HTTPLatencyBudget,0.22,1.68,1.9145933279942255,6,268405,23043072,6592149,0,338,65360,6,271895170,272105472
38842368,31281152,0,9842688,HTTPLatencyBudget,0.23,1.78,2.0155861690000165,6,268405,29809664,6593513,0,360,69711,6,290064022,290291712
38842368,29683712,0,9842688,HTTPLatencyBudget,0.24,1.88,2.116636988997925,5,268405,28212224,6595001,0,384,74153,6,308550040,308793344
38842368,29843456,0,9842688,HTTPLatencyBudget,0.25,1.96,2.217391685990151,6,268405,28371968,6595993,0,400,77323,6,321827589,322084864
38842368,30216192,0,9842688,HTTPLatencyBudget,0.27,2.03,2.3181392189871985,6,268405,28744704,6596985,0,416,80495,6,335055567,335323136
38842368,28291072,0,9842688,HTTPLatencyBudget,0.28,2.09,2.418861444981303,5,268405,26819584,6597729,0,428,83597,6,347938402,348213248
38842368,28045312,0,9842688,HTTPLatencyBudget,0.29,2.17,2.5195393879839685,6,268405,26573824,6598721,0,444,86601,6,360479376,360763392
38842368,29339648,0,9842688,HTTPLatencyBudget,0.3,2.24,2.620220676995814,6,268405,27868160,6599713,0,460,89543,6,372766264,373059584
38842368,27906048,0,9842688,HTTPLatencyBudget,0.31,2.31,2.720917175000068,6,268405,26434560,6600705,0,476,92476,6,385016288,385318912
38842368,29052928,0,9842688,HTTPLatencyBudget,0.32,2.37,2.821597122005187,6,268405,27581440,6601697,0,492,95624,6,398146952,398458880
38842368,35057664,0,9842688,HTTPLatencyBudget,0.33,2.46,2.922323545004474,5,268405,33586176,9884735,0,500,97058,6,403757534,404074496
24576,24576,0,0,profile-SaveSnapshot,0.0,0.0,0.0005183789762668312,3,268413,271360,3020,0,7,0,1,0,0
27127808,27127808,0,0,profile-SaveSnapshot,0.01,0.12,0.10094266798114404,6,268413,25664512,3442027,0,51,839,6,3429623,3432448
50409472,50409472,0,0,profile-SaveSnapshot,0.01,0.23,0.20155186200281605,6,268413,48946176,3442027,0,51,839,6,3429623,3432448
55644160,36347904,0,3432448,profile-SaveSnapshot,0.03,0.33,0.30258383697946556,6,268413,34876416,6871642,0,53,2515,7,10288853,10297344
56008704,56008704,0,3432448,profile-SaveSnapshot,0.04,0.44,0.40383638397906907,6,268413,55573504,6871642,0,53,2515,7,10288853,10297344
56758272,45469696,0,3432448,profile-SaveSnapshot,0.05,0.55,0.5057785190001596,6,268413,44030976,10301257,0,55,3358,7,13718658,13733888
58687488,58687488,0,6864896,profile-SaveSnapshot,0.05,0.65,0.6071442669781391,7,268413,57224192,10301257,0,55,5194,7,21233248,21254144
62455808,33853440,0,6864896,profile-SaveSnapshot,0.06,0.77,0.7084052999853157,7,268413,32381952,10301257,0,55,9829,7,40204043,40239104
62455808,27066368,0,6864896,profile-SaveSnapshot,0.07,0.86,0.8092273020010907,7,268413,25594880,10301257,0,55,14838,7,60703909,60755968
62455808,26537984,0,6864896,profile-SaveSnapshot,0.08,0.96,0.9099215749884024,7,268413,25066496,10301257,0,55,19867,7,81285695,81354752
62455808,26529792,0,6864896,profile-SaveSnapshot,0.1,1.06,1.0105933570011985,7,268413,25058304,10301257,0,55,24896,7,101867481,101953536
62455808,45592576,0,6864896,profile-SaveSnapshot,0.1,1.17,1.1113969649886712,6,268413,44121088,13730872,0,57,25984,7,106318263,106409984
62455808,30654464,0,6864896,profile-SaveSnapshot,0.11,1.27,1.2124444989894982,6,268413,29182976,17160487,0,59,26822,7,109747878,109842432
62455808,54329344,0,6864896,profile-SaveSnapshot,0.12,1.39,1.313123453001026,6,268413,52857856,17160487,0,59,26822,7,109747878,109842432
62468096,62468096,0,10297344,profile-SaveSnapshot,0.13,1.49,1.4141377749911044,7,268413,60996608,17160487,0,59,29489,7,120663411,120766464
62455808,44851200,0,10297344,profile-SaveSnapshot,0.14,1.59,1.5153489439981058,7,268413,43379712,17160487,0,59,34479,7,141085453,141205504
62455808,26062848,0,10297344,profile-SaveSnapshot,0.16,1.69,1.6170785419817548,7,268413,24591360,17160487,0,59,39090,7,159957944,160092160
62455808,28225536,0,10297344,profile-SaveSnapshot,0.18,1.79,1.7182159039948601,7,268413,26754048,17160487,0,59,43653,7,178630994,178782208
62455808,26980352,0,10297344,profile-SaveSnapshot,0.19,1.89,1.8190169769804925,7,268413,25508864,17160487,0,59,48561,7,198719997,198885376
62455808,27701248,0,10297344,profile-SaveSnapshot,0.19,1.99,1.9196992779907305,7,268413,26229760,17160487,0,59,53449,7,218724247,218906624
62455808,30388224,0,10297344,profile-SaveSnapshot,0.21,2.09,2.020808927976759,6,268413,29883392,20590102,0,61,56152,7,229784403,229978112
62455808,53288960,0,10297344,profile-SaveSnapshot,0.22,2.2,2.121930269000586,6,268413,51817472,20590102,0,61,56152,7,229784403,229978112
20480,20480,0,0,profile-LoadSnapshot,0.0,0.0,0.0005179579893592745,3,268422,267264,3020,0,7,0,1,0,0
27267072,27267072,0,0,profile-LoadSnapshot,0.01,0.12,0.10094152597594075,6,268422,25795584,3442013,0,50,838,6,3429615,3432448
55730176,55730176,0,0,profile-LoadSnapshot,0.01,0.23,0.20187768098548986,6,268422,54258688,3442013,0,50,838,6,3429615,3432448
63172608,53903360,0,3432448,profile-LoadSnapshot,0.03,0.33,0.3029738759796601,6,268422,52431872,10301243,0,54,1676,6,6859230,6864896
63172608,52420608,0,3432448,profile-LoadSnapshot,0.03,0.45,0.40467037199414335,6,268422,50949120,10301243,0,54,1676,6,6859230,6864896
63172608,34746368,0,3432448,profile-LoadSnapshot,0.04,0.56,0.5056775199773256,6,268422,33299456,13730858,0,56,2519,6,10289035,10301440
63172608,57085952,0,3432448,profile-LoadSnapshot,0.05,0.67,0.6065107439935673,6,268422,55753728,13730858,0,56,2519,6,10289035,10301440
63172608,58707968,0,3432448,profile-LoadSnapshot,0.06,0.77,0.708345176972216,6,268422,57269248,20590088,0,60,2519,6,10289035,10301440
63172608,35397632,0,3432448,profile-LoadSnapshot,0.06,0.88,0.8104830179945566,6,268422,33926144,27449318,0,64,2519,6,10289035,10301440
63172608,40402944,0,3432448,profile-LoadSnapshot,0.07,0.98,0.9118287789751776,6,268422,38931456,34308548,0,68,2519,6,10289035,10301440
63172608,39161856,0,3432448,profile-LoadSnapshot,0.08,1.09,1.0132134019804653,6,268422,37690368,44597393,0,74,2519,6,10289035,10301440
63172608,38944768,0,3432448,profile-LoadSnapshot,0.09,1.19,1.1145919549744576,6,268422,37473280,48027008,0,76,2519,6,10289035,10301440
63172608,44376064,0,6864896,profile-LoadSnapshot,0.1,1.31,1.2159736119792797,6,268422,42920960,51456623,0,78,3357,6,13718650,13733888
63172608,25882624,0,6864896,profile-LoadSnapshot,0.11,1.41,1.317512313980842,7,268422,24452096,51456623,0,78,4087,6,16708730,16723968
63172608,45064192,0,6864896,profile-LoadSnapshot,0.12,1.52,1.4186788499937393,6,268422,43592704,54886238,0,80,4195,6,17148265,17166336
63172608,57831424,0,6864896,profile-LoadSnapshot,0.12,1.62,1.5201896889775526,6,268422,56359936,58315853,0,82,4195,6,17148265,17166336
63172608,46522368,0,6864896,profile-LoadSnapshot,0.13,1.73,1.6221595659735613,6,268422,45050880,65175083,0,86,4195,6,17148265,17166336
63172608,31948800,0,6864896,profile-LoadSnapshot,0.13,1.84,1.7240799309802242,6,268422,30477312,72034313,0,90,4195,6,17148265,17166336
63172608,35307520,0,6864896,profile-LoadSnapshot,0.14,1.95,1.8253507619956508,6,268422,34446336,78893543,0,94,4195,6,17148265,17166336
63172608,38010880,0,6864896,profile-LoadSnapshot,0.14,2.06,1.9265685029968154,6,268422,36539392,89182388,0,100,4195,6,17148265,17166336
63172608,38170624,0,6864896,profile-LoadSnapshot,0.15,2.16,2.0276798059931025,6,268422,36699136,96041618,0,104,4195,6,17148265,17166336
63172608,32395264,0,10297344,profile-LoadSnapshot,0.16,2.27,2.129014175996417,6,268422,30923776,99471233,0,106,5033,7,20577880,20598784
63172608,48852992,0,10297344,profile-LoadSnapshot,0.16,2.39,2.230251403991133,6,268422,47381504,99471233,0,106,5033,7,20577880,20598784
167936,167936,0,0,profile-event-only,0.0,0.0,0.000736396003048867,4,268465,301056,3020,0,7,0,1,0,0
47542272,47542272,0,0,profile-event-only,0.01,0.12,0.1011636909970548,7,268465,46185472,12357,0,49,1,6,8,0
85770240,85770240,0,0,profile-event-only,0.02,0.23,0.202765760011971,6,268465,84298752,9890675,0,51,4,6,9878326,9879552
94572544,94572544,0,0,profile-event-only,0.03,0.34,0.3052953229926061,6,268465,93174784,9890675,0,51,4,6,9878326,9879552
99704832,45879296,0,9879552,profile-event-only,0.05,0.46,0.40840405799099244,6,268465,45030400,9890683,0,52,10,6,9878520,9883648
99704832,80592896,0,9879552,profile-event-only,0.06,0.57,0.5098926360078622,7,268465,79121408,9890683,0,52,13,6,19756838,19763200
99704832,96460800,0,19759104,profile-event-only,0.07,0.68,0.6114112590148579,7,268465,94989312,9890683,0,52,19,6,39513474,39522304
99704832,86085632,0,19759104,profile-event-only,0.07,0.79,0.714375042996835,7,268465,84614144,9890683,0,52,25,6,59270110,59281408
105500672,105500672,0,19759104,profile-event-only,0.09,0.9,0.817142279993277,7,268465,104029184,9890683,0,52,28,6,69148428,69160960
115007488,104415232,0,19759104,profile-event-only,0.09,1.0,0.923065062990645,6,268465,102943744,19769001,0,54,31,6,79026746,79040512
115007488,107786240,0,19759104,profile-event-only,0.1,1.11,1.0290597710118163,6,268465,106318848,19769001,0,54,31,6,79026746,79040512
115007488,35360768,0,19759104,profile-event-only,0.12,1.23,1.1329844199935906,6,268465,34249728,19769001,0,54,31,6,79026746,79040512
115007488,77012992,0,19759104,profile-event-only,0.13,1.35,1.234323187993141,7,268465,75541504,19769001,0,54,34,6,88905064,88920064
115007488,102912000,0,29638656,profile-event-only,0.15,1.45,1.336882715986576,7,268465,101440512,19769001,0,54,40,6,108661700,108679168
115007488,99491840,0,29638656,profile-event-only,0.15,1.56,1.4398683010076638,7,268465,98020352,19769001,0,54,46,6,128418336,128438272
115007488,92045312,0,29638656,profile-event-only,0.15,1.67,1.5428667300147936,7,268465,90573824,19769001,0,54,52,6,148174972,148197376
115007488,96743424,0,29638656,profile-event-only,0.16,1.77,1.645725587994093,6,268465,95271936,29647319,0,56,58,6,167931608,167956480
115007488,90054656,0,29638656,profile-event-only,0.16,1.88,1.7485698589880485,6,268465,88583168,29647319,0,56,58,6,167931608,167956480
115007488,27242496,0,29638656,profile-event-only,0.18,2.01,1.8501749940041918,6,268465,25795584,29647327,0,57,59,6,167931616,167956480
115007488,79204352,0,29638656,profile-event-only,0.2,2.12,1.951307025999995,6,268465,77732864,29647327,0,57,62,6,177809934,177836032
115007488,90759168,0,39518208,profile-event-only,0.2,2.22,2.052719861996593,7,268465,89500672,29647327,0,57,65,6,187688252,187715584
115007488,87302144,0,39518208,profile-event-only,0.21,2.33,2.1554713789955713,7,268465,85830656,29647327,0,57,72,6,207448984,215863296
115007488,103612416,0,39518208,profile-event-only,0.22,2.44,2.2584569639875554,7,268465,102140928,29647327,0,57,78,6,227205620,227758080
138821632,138821632,0,39518208,profile-event-only,0.23,2.55,2.36188336298801,7,268465,137350144,29647327,0,57,83,6,246958160,246992896
138866688,138866688,0,39518208,profile-event-only,0.24,2.64,2.465510706999339,6,268465,137395200,39525645,0,59,89,6,266714796,266752000
138584064,126259200,0,39518208,profile-event-only,0.24,2.77,2.5692836930102203,6,268465,124787712,39525645,0,59,91,6,266714860,266752000
20480,20480,0,0,profile-http,0.0,0.0,0.0005707660166081041,3,268492,271360,3020,0,7,0,1,0,0
30019584,30019584,0,3350528,profile-http,0.01,0.1,0.10100795002654195,7,268492,28548096,12981,0,58,3084,6,13107137,13119488
31834112,31211520,0,3350528,profile-http,0.03,0.21,0.20194182102568448,7,268492,29740032,14169,0,79,6897,7,29330907,29347840
31834112,31223808,0,3350528,profile-http,0.04,0.32,0.30302885800483637,7,268492,29752320,15351,0,99,10836,7,46076236,46096384
32391168,32391168,0,3350528,profile-http,0.06,0.42,0.4040860800014343,7,268492,30919680,16550,0,119,14992,7,63711772,63733760
32251904,30969856,0,3350528,profile-http,0.07,0.53,0.5051938260148745,7,268492,29498368,17750,0,139,18752,7,79726667,79749120
32464896,32464896,0,3350528,profile-http,0.08,0.63,0.6062883880222216,7,268492,30993408,18950,0,159,22485,7,95632345,95674368
32436224,30285824,0,3350528,profile-http,0.09,0.73,0.7073739220213611,7,268492,28814336,20166,0,179,26230,7,111588550,111648768
32436224,31383552,0,3350528,profile-http,0.11,0.84,0.8083859600010328,7,268492,29912064,21142,0,195,29265,7,124514248,124588032
32436224,31739904,0,3350528,profile-http,0.12,0.94,0.9094208700116724,7,268492,30272512,22118,0,211,33055,7,140533306,140619776
32436224,32014336,0,3350528,profile-http,0.13,1.04,1.0105596740031615,7,268492,30542848,23338,0,231,36980,7,157230366,157331456
32436224,32296960,0,3350528,profile-http,0.15,1.15,1.1116737520205788,7,268492,30850048,24558,0,251,41031,7,174442946,174559232
37224448,37203968,0,3350528,profile-http,0.17,1.24,1.2127814980049152,7,268492,35732480,26022,0,275,45206,7,192293529,192421888
37224448,30896128,0,3350528,profile-http,0.19,1.34,1.3140021650178824,7,268492,29424640,27250,0,296,49256,7,209502901,209645568
37224448,34889728,0,3350528,profile-http,0.21,1.44,1.4150528150203172,6,268492,33422336,28470,0,316,52867,7,224792269,224940032
37224448,33193984,0,3350528,profile-http,0.22,1.55,1.5158979300176725,7,268492,31722496,29446,0,332,56725,7,241223778,241381376
37224448,33431552,0,3350528,profile-http,0.23,1.66,1.6169327000097837,7,268492,31960064,30666,0,352,60079,7,255590272,255754240
37224448,34037760,0,3350528,profile-http,0.24,1.76,1.718021751003107,7,268492,32566272,31886,0,372,63930,7,271993853,272162816
37224448,33579008,0,3350528,profile-http,0.26,1.87,1.8189365670259576,7,268492,32156672,32862,0,388,67826,7,288456657,288628736
37224448,31625216,0,3350528,profile-http,0.27,1.98,1.9202227260102518,7,268492,30153728,34082,0,408,71753,7,305173734,305348608
37224448,33472512,0,3350528,profile-http,0.28,2.08,2.021346933004679,6,268492,32001024,35546,0,432,75757,7,322334435,322510848
37224448,33755136,0,3350528,profile-http,0.3,2.17,2.122552061016904,7,268492,32283648,36522,0,448,79487,7,338120493,338300928
37224448,33402880,0,3350528,profile-http,0.31,2.27,2.2236468930204865,7,268492,31931392,37742,0,468,83050,7,353350751,353550336
37224448,33943552,0,3350528,profile-http,0.33,2.36,2.324813219020143,7,268492,32472064,38474,0,480,85726,7,364694033,364904448
37224448,32919552,0,3350528,profile-http,0.35,2.45,2.4260167140164413,6,268492,32005120,39694,0,500,89161,7,379272405,379498496
37224448,33665024,0,3350528,profile-http,0.36,2.56,2.5272071240178775,6,268492,32193536,40914,0,520,93106,7,396070635,396312576
37224448,33402880,0,3350528,profile-http,0.37,2.66,2.628570398024749,7,268492,31931392,42134,0,540,97257,7,413844364,414101504
37224448,34058240,0,3350528,profile-http,0.38,2.76,2.729745199001627,6,268492,32586752,43358,0,560,100996,7,429670670,429940736
37224448,33660928,0,3350528,profile-http,0.39,2.86,2.8308967770135496,7,268492,32189440,44588,0,580,105205,7,447682792,447967232
37224448,32350208,0,3350528,profile-http,0.4,2.97,2.9319270890264306,7,268492,30878720,45818,0,600,109116,7,464343958,464642048
37224448,32530432,0,3350528,profile-http,0.41,3.07,3.032729755010223,7,268492,31058944,46802,0,616,112450,7,478513390,478822400
37224448,33325056,0,3350528,profile-http,0.42,3.17,3.133513065025909,7,268492,31853568,48032,0,636,116618,7,496227228,496549888
37224448,32350208,0,3350528,profile-http,0.43,3.27,3.2343067940091714,7,268492,30936064,49508,0,660,121032,7,515077024,515416064
37224448,33832960,0,3350528,profile-http,0.45,3.37,3.3350439880159684,7,268492,32361472,50738,0,680,125343,7,533376590,533729280
39682048,39682048,0,3350528,profile-http,0.46,3.48,3.4361078520014416,6,268492,38210560,3411439,0,692,127355,7,540605508,540962816
147456,147456,0,0,pprof-EventOnly.cpu-top,0.0,0.0,0.000700269010849297,3,268560,1097728,600,0,3,0,1,0,0
299008,299008,0,0,pprof-EventOnly.heap-alloc_space,0.0,0.0,0.0006838180124759674,3,268590,1269760,600,0,3,0,1,0,0
299008,299008,0,0,pprof-EventOnly.heap-inuse_space,0.0,0.0,0.0006828960031270981,3,268620,1265664,600,0,3,0,1,0,0
299008,299008,0,0,pprof-HTTP.block-top,0.0,0.0,0.0006736190116498619,3,268650,1261568,600,0,3,0,1,0,0
368640,368640,0,0,pprof-HTTP.cpu-top,0.0,0.0,0.0006942570034880191,3,268679,1269760,600,0,3,0,1,0,0
692224,692224,0,0,pprof-HTTP.heap-alloc_space,0.0,0.0,0.000676725001540035,3,268709,1421312,600,0,3,0,1,0,0
368640,368640,0,0,pprof-HTTP.heap-inuse_space,0.0,0.0,0.0006971329858060926,3,268738,1269760,600,0,3,0,1,0,0
430080,430080,0,0,pprof-HTTP.mutex-top,0.0,0.0,0.0006610460113734007,3,268768,1417216,600,0,3,0,1,0,0
303104,303104,0,0,pprof-LoadSnapshot.cpu-top,0.0,0.0,0.00066017298377119,3,268798,1413120,600,0,3,0,1,0,0
630784,630784,0,0,pprof-LoadSnapshot.heap-alloc_space,0.0,0.0,0.0006576289888471365,3,268828,1421312,600,0,3,0,1,0,0
499712,499712,0,0,pprof-LoadSnapshot.heap-inuse_space,0.0,0.0,0.0006895989936310798,3,268859,1413120,600,0,3,0,1,0,0
495616,495616,0,0,pprof-SaveSnapshot.cpu-top,0.0,0.0,0.0006684889958705753,3,268889,1409024,600,0,3,0,1,0,0
430080,430080,0,0,pprof-SaveSnapshot.heap-alloc_space,0.0,0.0,0.0006712950125802308,3,268919,1409024,600,0,3,0,1,0,0
495616,495616,0,0,pprof-SaveSnapshot.heap-inuse_space,0.0,0.0,0.0006650830036960542,3,268949,1409024,600,0,3,0,1,0,0
